Health Center Name,Operated By,Street Address,City,State,ZIP Code,Telephone Number
"Mobile Primary Care, Behavioral Health and Oral Health Unit","MATTHEW WALKER COMPREHENSIVE HEALTH CENTER, INC.",230 Dover Rd,Clarksville,TN,37042-4183,615-920-5004
Matthew Walker Health Center - Clarksville,"MATTHEW WALKER COMPREHENSIVE HEALTH CENTER, INC.",230 Dover Rd,Clarksville,TN,37042-4183,931-920-5000
CHCWK - Todd County Site,"COMMUNITY HEALTH CENTERS OF WESTERN KENTUCKY, INC",10220 Dixie Beeline Hwy,Guthrie,KY,42234-9310,270-338-5777
"Community Medical Clinic, Oak Grove","PENNYROYAL HEALTHCARE SERVICES, INC",244 Thompsonville Ln,Oak Grove,KY,42262-8250,270-640-6074
Hopkinsville Community Care,FAITH HEALTHCARE INC,1841 Peartree Ln,Hopkinsville,KY,42240-4460,606-341-4744
"Community Medical Clinic, Hopkinsville","PENNYROYAL HEALTHCARE SERVICES, INC",1102 S Virginia St,Hopkinsville,KY,42240-3579,270-632-6741
STEWART COUNTY COMMUNITY HEALTH,FAITH HEALTHCARE INC,"1100 S Main St, #21",Hopkinsville,KY,42240-2079,270-238-3354
Logan County Community Health Center,TENNESSEE DEPARTMENT OF HEALTH,1021 Spring St,Dover,TN,37058-3302,931-232-5329 
Connectus Mobile Services,"COMMUNITY HEALTH CENTERS OF WESTERN KENTUCKY, INC",1497 Nashville Rd,Russellville,KY,42276-8970,999-999-9999
MADISON FAMILY CLINIC,"UNIVERSITY COMMUNITY HEALTH SERVICES, INC.",813 Louisville Hwy,Goodlettsville,TN,37072-1104,615-292-9770
MATTHEW WALKER COMPREHENSIVE HEALTH CENT,"UNITED NEIGHBORHOOD HEALTH SERVICES, INC.",601 W Due West Ave,Madison,TN,37115-4423,615-227-3000
Dickerson Road Family Clinic,"MATTHEW WALKER COMPREHENSIVE HEALTH CENTER, INC.",1035 14th Ave N,Nashville,TN,37208-3050,615-327-9400
Neighborhood Health @ Inglewood,"UNITED NEIGHBORHOOD HEALTH SERVICES, INC.",1223 Dickerson Road,Nashville,TN,37207-5408,615-227-3000
Main Street Family Clinic,"UNITED NEIGHBORHOOD HEALTH SERVICES, INC.",3904 Gallatin Pike,Nashville,TN,37216-2406,615-227-3000
Downtown Clinic,"UNITED NEIGHBORHOOD HEALTH SERVICES, INC.",905 Main St,Nashville,TN,37206-3609,615-227-3000
UNHS MIssion Clinic,"UNITED NEIGHBORHOOD HEALTH SERVICES, INC.",526 8th Avenue South,Nashville,TN,37203,615-227-3000
UNITED NEIGHBORHOOD HEALTH SERVICES,"UNITED NEIGHBORHOOD HEALTH SERVICES, INC.",639 Lafayette St,Nashville,TN,37203-4226,615-227-3000
Neighborhood Health at Cayce,"UNITED NEIGHBORHOOD HEALTH SERVICES, INC.",617 S    8th St,Nashville,TN,37206-3819,615-227-3000
UNHS SOUTHSIDE FAMILY CLINIC,"UNITED NEIGHBORHOOD HEALTH SERVICES, INC.",617 S    8th St,Nashville,TN,37206-3819,615-227-3000
VINE HILL COMMUNITY CLINIC,"UNITED NEIGHBORHOOD HEALTH SERVICES, INC.",107 Charles E Davis Blvd,Nashville,TN,37210-2745,615-227-3000
UNHS Unity Health Center,"UNIVERSITY COMMUNITY HEALTH SERVICES, INC.",601 Benton Ave,Nashville,TN,37204-2303,615-292-9770
THREE RIVERS COMMUNITY HLTH GRP-HICKMAN,"UNITED NEIGHBORHOOD HEALTH SERVICES, INC.",2195 Nolensville Road,Nashville,TN,37211-2041,615-227-3000
Three Rivers Community Health-Dental,"PERRY COUNTY MEDICAL CENTER, INC.",7723 Clearview Church Lane  STE 100,Lyles,TN,37098-1609,931-670-5520
Neighborhood Health @ Welshwood,"PERRY COUNTY MEDICAL CENTER, INC.",7723 Clearview Church Ln Ste 200,Lyles,TN,37098-1674,931-670-8318
Mercy office at FSSD Poplar Grove Elementary/Middle School,"UNITED NEIGHBORHOOD HEALTH SERVICES, INC.",419 Welshwood Dr,Nashville,TN,37211-4206,615-227-3000
Mercy office at FSSD Freedom Middle school,"MERCY HEALTH SERVICES, INC.",1030 Excellence Way,Franklin,TN,37069,615-790-4720
Mercy office at FSSD Freedom Intermediate School,"MERCY HEALTH SERVICES, INC.",1000 Excellence Way,Franklin,TN,37064,615-794-0987
Mercy office at FSSD Johnson Elementary School,"MERCY HEALTH SERVICES, INC.",840 Glass Ln,Franklin,TN,37064-2461,615-790-4798
Mercy office at New Hope Academy,"MERCY HEALTH SERVICES, INC.",815 Glass Ln,Franklin,TN,37064-2465,615-794-4837
CHCs OF WESTERN KENTUCKY PEDIATRIC AND ADOLESCENT MEDICINE,"MERCY HEALTH SERVICES, INC.",1820 Downs Blvd,Franklin,TN,37064-6859,615-595-0324
"CHCS OF WESTERN KENTUCKY, INC.","COMMUNITY HEALTH CENTERS OF WESTERN KENTUCKY, INC",504 Hopkinsville St,Greenville,KY,42345-1104,270-338-6488
CHCWK - 228 Hopkinsville Street,"COMMUNITY HEALTH CENTERS OF WESTERN KENTUCKY, INC",480 Hopkinsville St,Greenville,KY,42345-1124,270-338-5777
WOMAN'S HEALTH CENTER,"COMMUNITY HEALTH CENTERS OF WESTERN KENTUCKY, INC",228 Hopkinsville St,Greenville,KY,42345-1231,270-338-5777
Mercy office at FSSD Liberty Elementary School,"COMMUNITY HEALTH CENTERS OF WESTERN KENTUCKY, INC",226 Hopkinsville St,Greenville,KY,42345,270-377-3077
Mercy office at FSSD Franklin Elementary School,"MERCY HEALTH SERVICES, INC.",600 Liberty Pike,Franklin,TN,37064-2923,615-790-0892
Priest Lake Family and Women's Health Center,"MERCY HEALTH SERVICES, INC.",1501 Figuers Dr,Franklin,TN,37064-3830,615-794-1187
"Mercy Health Services, Inc","UNIVERSITY COMMUNITY HEALTH SERVICES, INC.",2637 Murfreesboro Pike,Nashville,TN,37217-3505,615-292-9770
Neighborhood Health at Salvus-Gallatin,"MERCY HEALTH SERVICES, INC.",143 SE Parkway Ct,Franklin,TN,37064-3968,615-790-0567
HOPE Family Health - Gallatin SRMC,"UNITED NEIGHBORHOOD HEALTH SERVICES, INC.","556 Hartsville Pike, Ste 200",Gallatin,TN,37066-2493,615-227-3000
Mercy office at FSSD Moore Elementary School,HOPE FAMILY HEALTH SERVICES,"300 Steam Plant Rd, Ste 210",Gallatin,TN,37066-3060,615-644-2000
"Regional Health Care Affiliates, Inc dba. Health First Community Health Center- Princeton","MERCY HEALTH SERVICES, INC.",1061 Lewisburg Pike,Franklin,TN,37064-6727,615-790-4700
Rockfield Elementary Healthy Kids Clinic,"REGIONAL HEALTH CARE AFFILIATES, INC.",1100 S Jefferson St,Princeton,KY,42445-2379,270-365-9455
South Warren High Healthy Kids Clinic,"CUMBERLAND FAMILY MEDICAL CENTER, INC.",7597 Russellville Rd,Bowling Green,KY,42101-7328,270-781-2385
South Warren Middle Healthy Kids Clinic,"CUMBERLAND FAMILY MEDICAL CENTER, INC.",8240 Nashville Rd,Bowling Green,KY,42101,270-467-7500
Rich Pond Elementary Healthy Kids Clinic,"CUMBERLAND FAMILY MEDICAL CENTER, INC.",295 Richpond Rd,Bowling Green,KY,42104-8719,270-467-7510
"Community Medical Clinic, Princeton","CUMBERLAND FAMILY MEDICAL CENTER, INC.",530 Richpond Rd,Bowling Green,KY,42104-8716,270-781-9627
"Regional Health Care Affiliates, Inc. dba. Health First Community Health Center - Earlington","PENNYROYAL HEALTHCARE SERVICES, INC",1022 W Main St,Princeton,KY,42445-1220,270-365-0227
Jody Richards Elementary Healthy Kids Clinic,"REGIONAL HEALTH CARE AFFILIATES, INC.",107 E Main St,Earlington,KY,42410-1333,270-905-4084
KentuckyCare - 128,"CUMBERLAND FAMILY MEDICAL CENTER, INC.",2100 Elrod Rd,Bowling Green,KY,42104-8553,270-904-1901
Jennings Creek Elementary Healthy Kids Clinic,ARCARE,312 S 8th St,Murray,KY,42071-2428,270-753-2395
Lost River Elementary Healthy Kids Clinic,"CUMBERLAND FAMILY MEDICAL CENTER, INC.",2617 Russellville Rd,Bowling Green,KY,42101-3926,270-904-9200
Henry F. Moss Middle Healthy Kids Clinic,"CUMBERLAND FAMILY MEDICAL CENTER, INC.",450 Modern Way,Bowling Green,KY,42101-4074,270-746-0334
Plano Elementary Healthy Kids Clinic,"CUMBERLAND FAMILY MEDICAL CENTER, INC.",2565 Russellville Rd,Bowling Green,KY,42101-3957,270-843-0166
Matthew Walker Comprhensive Health Center - Smyrna,"CUMBERLAND FAMILY MEDICAL CENTER, INC.",2650 Plano Rd,Bowling Green,KY,42104-0374,270-467-0411
William H. Natcher Elementary Healthy Kids Clinic,"MATTHEW WALKER COMPREHENSIVE HEALTH CENTER, INC.",739 President Pl STE 100,Smyrna,TN,37167-6845,615-984-4290
Early Learning Academy Healthy Kids Clinic,"CUMBERLAND FAMILY MEDICAL CENTER, INC.",1434 Cave Mill Rd,Bowling Green,KY,42104-4301,270-842-1364
Geo International High Healthy Kids Clinic,"CUMBERLAND FAMILY MEDICAL CENTER, INC.",1846 Loop Dr,Bowling Green,KY,42101-3602,270-781-2385
Warren Central High Healthy Kids Clinic,"CUMBERLAND FAMILY MEDICAL CENTER, INC.",1808 Loop Dr,Bowling Green,KY,42101,270-904-3691
Drakes Creek Middle Healthy Kids Clinic,"CUMBERLAND FAMILY MEDICAL CENTER, INC.",559 Morgantown Rd,Bowling Green,KY,42101-3603,270-842-7302
Greenwood High Healthy Kids Clinic,"CUMBERLAND FAMILY MEDICAL CENTER, INC.",704 Cypress Wood Way,Bowling Green,KY,42104-0300,270-843-0165
Lighthouse and Jackson Academies Healthy Kids Clinic,"CUMBERLAND FAMILY MEDICAL CENTER, INC.",5065 Scottsville Rd,Bowling Green,KY,42104-7897,270-842-3627
Alvaton Elementary Healthy Kids Clinic,"CUMBERLAND FAMILY MEDICAL CENTER, INC.",877 Jackson St,Bowling Green,KY,42101-5195,270-782-5410
Primary Care & Hope Clinic of Smyrna,"CUMBERLAND FAMILY MEDICAL CENTER, INC.",6350 Old Scottsville Rd,Alvaton,KY,42122-9767,270-843-8067
Cumberland Trace Elementary Healthy Kids Clinic,RUTHERFORD COUNTY PRIMARY CARE CLINIC INC,900 Sgt. Asbury Hawn Way,Smyrna,TN,37167-3587,615-625-9390
FAIRVIEW COMMUNITY HEALTH CENTER,"CUMBERLAND FAMILY MEDICAL CENTER, INC.",2461 Cumberland Trace Rd,Bowling Green,KY,42103,270-781-1356
Briarwood Elementary Healthy Kids Clinic,"BOWLING GREEN-WARREN COUNTY PRIMARY CARE CENTER, INC.",225 Natchez Trace Ave,Bowling Green,KY,42103-7995,270-783-3573
HOPE Family Health - Westmoreland,"CUMBERLAND FAMILY MEDICAL CENTER, INC.",265 Lovers Ln,Bowling Green,KY,42103-7976,270-782-5554
United Neighborhood Health Services at Lebanon,HOPE FAMILY HEALTH SERVICES,1124 NEW HIGHWAY 52 E,WESTMORELAND,TN,37186-5060,615-644-2000
Richardsville Elementary Healthy Kids Clinic,"UNITED NEIGHBORHOOD HEALTH SERVICES, INC.",410 HARTSVILLE PIKE,LEBANON,TN,37087-2904,615-227-3000
HOPE Family Health - Westside,"CUMBERLAND FAMILY MEDICAL CENTER, INC.",1775 Richardsville Rd,Bowling Green,KY,42101-0429,270-777-3232
PrimeCare,HOPE FAMILY HEALTH SERVICES,10427 HIGHWAY 52 W,WESTMORELAND,TN,37186-3234,615-644-2000
Bristow Elementary Healthy Kids Clinic,MAURY REGIONAL HOSPITAL,854 W James M Campbell Blvd Ste 301,Columbia,TN,38401-4659,931-540-4140
Warren East High Healthy Kids Clinic,"CUMBERLAND FAMILY MEDICAL CENTER, INC.",6151 Louisville Rd,Bowling Green,KY,42101-8409,270-842-1960
Warren East Middle Healthy Kids Clinic,"CUMBERLAND FAMILY MEDICAL CENTER, INC.",6867 Louisville Rd,Bowling Green,KY,42101-8015,270-781-1277
"Regional Health Care Affiliates, Inc. dba. Health First Community Health Center - Providence","CUMBERLAND FAMILY MEDICAL CENTER, INC.",7031 Louisville Rd,Bowling Green,KY,42104-8417,270-843-0181
Primary Care & Hope Clinic,"REGIONAL HEALTH CARE AFFILIATES, INC.",215 East Main Street,Providence,KY,42450-1261,270-667-7017
Lewis Health Center,RUTHERFORD COUNTY PRIMARY CARE CLINIC INC,1453 Hope Way,Murfreesboro,TN,37129-3140,615-893-9390
"PERRY COUNTY MEDICAL CENTER, INC.",MAURY REGIONAL HOSPITAL,617 W Main St,Hohenwald,TN,38462-1355,931-796-4901
Oakland Elementary Healthy Kids Clinic,"PERRY COUNTY MEDICAL CENTER, INC.",115 E Brooklyn St,Linden,TN,37096,931-589-2104
Hope II,"CUMBERLAND FAMILY MEDICAL CENTER, INC.",2494 Church St,Oakland,KY,42159-6809,270-563-4719
Mercy office at Marshall Co Forrest Middle/High School,RUTHERFORD COUNTY PRIMARY CARE CLINIC INC,608 S Hancock St,Murfreesboro,TN,37130-4327,615-893-9390
KentuckyCare - 151,"MERCY HEALTH SERVICES, INC.",310 N Horton Pkwy,Chapel Hill,TN,37034-3302,931-246-4733
"Regional Health Care Affiliates, Inc. dba. Health First Community Health Center - Calhoun",ARCARE,850 Cutoff Rd,Smithland,KY,42081-8914,870-347-2534
Mercy office at Marshall Co Delk Henson Intermediate,"REGIONAL HEALTH CARE AFFILIATES, INC.",295 Main St,Calhoun,KY,42327-2104,270-273-9310
Mercy office at Marshall Co Chapel Hill Elementary,"MERCY HEALTH SERVICES, INC.",425 S Horton Pkwy,Chapel Hill,TN,37034-3148,931-536-0491
"Regional Health Care Affiliates, Inc. dba. Health First Community Health Center- Clay","MERCY HEALTH SERVICES, INC.",4795 Nashville Hwy,Chapel Hill,TN,37034,931-246-4255
North Warren Elementary Healthy Kids Clinic,"REGIONAL HEALTH CARE AFFILIATES, INC.",140 Veterans Memorial Ave,Clay,KY,42404,270-664-2526
South Edmonson Elementary,"CUMBERLAND FAMILY MEDICAL CENTER, INC.",420 College St,Smiths Grove,KY,42171-8238,270-563-2041
MACON COUNTY HEALTH DEPARTMENT,"A+ FAMILY HEALTHCARE, LLC",1058 Chalybeate School Rd,Smiths Grove,KY,42171-7245,270-975-4050
KentuckyCare - 153,TENNESSEE DEPARTMENT OF HEALTH,601 Highway 52 Byp E,Lafayette,TN,37083,615-666-2142
Edmonson County 5/6 Center,ARCARE,750 US Highway 60 W,Smithland,KY,42081-8983,870-347-2534
Austin Tracy Healthy Kids Clinic,"A+ FAMILY HEALTHCARE, LLC",191 W Center St,Brownsville,KY,42210-8500,270-975-4050
A Plus Family Healthcare-Brownsville,"CUMBERLAND FAMILY MEDICAL CENTER, INC.",2477 Austin Tracy Rd,Lucas,KY,42156-9317,270-646-2236
KentuckyCare - 63,"A+ FAMILY HEALTHCARE, LLC",210 S. Main Street  STE 101,Brownsville,KY,42210-9001,270-975-4050
Edmonson County High School,ARCARE,110 Kings Dr.,Mayfield,KY,42066-3206,870-347-2534
Edmonson County Middle School,"A+ FAMILY HEALTHCARE, LLC",210 Wildcat Way,Brownsville,KY,42210-9032,270-975-4050
KentuckyCare - 150,"A+ FAMILY HEALTHCARE, LLC",220 Wildcat Way,Brownsville,KY,42210,270-975-4050
Mercy office at Marshall Co Oak Grove Elementary,ARCARE,1372 US Highway 60 E,Burna,KY,42028-9239,870-347-2534
Kyrock Elementary School,"MERCY HEALTH SERVICES, INC.",1645 Franklin Pike,Lewisburg,TN,37091-6916,931-270-1855
Smith County Health Department,"A+ FAMILY HEALTHCARE, LLC",5720 KY-259,Sweeden,KY,42285-7106,270-975-4050
Mercy office at Marshall Co Westhills Elementary,TENNESSEE DEPARTMENT OF HEALTH,251 Joy Alford Way,Carthage,TN,37030,615-735-0242
Mercy office at Marshall Co High School,"MERCY HEALTH SERVICES, INC.",1351 W Ellington Pkwy,Lewisburg,TN,37091-4502,931-359-3909
KentuckyCare - 44,"MERCY HEALTH SERVICES, INC.",597 W Ellington Pkwy,Lewisburg,TN,37091-4510,931-359-1549
Mercy office at Marshall Co Lewisburg Middle school,ARCARE,3360 Wayne Sullivan Dr,Paducah,KY,42003,270-443-9474
Mercy office at Marshall Elementary School,"MERCY HEALTH SERVICES, INC.",500 Tiger Blvd,Lewisburg,TN,37091-2036,931-359-1265
Lewisburg Family,"MERCY HEALTH SERVICES, INC.",401 Tiger Blvd,Lewisburg,TN,37091-2070,931-359-7149
Lewisburg Family Practice,MAURY REGIONAL HOSPITAL,1090 N Ellington Pkwy Ste 102,Lewisburg,TN,37091-2227,931-359-0019
Lewisburg Pediatrics,MAURY REGIONAL HOSPITAL,1090 N. Ellington Pkwy  STE 102 B,Lewisburg,TN,37091-2227,931-359-0019
Mercy Marshall County - 122 East Commerce Street,MAURY REGIONAL HOSPITAL,1090 N Ellington Pkwy Ste 201,Lewisburg,TN,37091-2227,931-270-3655
Park City Healthy Kids Clinic,"MERCY HEALTH SERVICES, INC.",122 E Commerce St,Lewisburg,TN,37091-3340,615-814-3400
KentuckyCare-43,"CUMBERLAND FAMILY MEDICAL CENTER, INC.",45 Indian Mill Rd,Park City,KY,42160-7724,270-749-5665
KentuckyCare - 038,ARCARE,125 S 20th St,Paducah,KY,42001-7100,870-347-2534
Red Cross Healthy Kids Clinic,ARCARE,2200 Washington St,Paducah,KY,42003-3256,870-347-2534
Trojan Way Center Healthy Kids Clinic,"CUMBERLAND FAMILY MEDICAL CENTER, INC.",215 Parkview Dr,Glasgow,KY,42141-5005,270-659-2400
Barren County Middle Healthy Kids Clinic,"CUMBERLAND FAMILY MEDICAL CENTER, INC.",601 Trojan Trail  RM 101,Glasgow,KY,42141,270-629-3496
HARDIN COUNTY MEDICAL CLINIC,"CUMBERLAND FAMILY MEDICAL CENTER, INC.",555 Trojan Trl,Glasgow,KY,42141-2214,270-651-4909
South Green Elementary Healthy Kids Clinic,COMMUNITY HEALTH & EMERGENCY SERVICES INC,"IL ROUTE 146, BUILDING 2",ELIZABETHTOWN,IL,62931,618-285-6191
Mercy office at Marshall Co Cornersville Elementary,"CUMBERLAND FAMILY MEDICAL CENTER, INC.",300 James T Rogers Dr,Glasgow,KY,42141-2000,270-651-3806
Trojan Academy Healthy Kids Clinic,"MERCY HEALTH SERVICES, INC.",485 N Main St,Cornersville,TN,37047-4104,931-246-4230
Barren County High Healthy Kids Clinic,"CUMBERLAND FAMILY MEDICAL CENTER, INC.",505 Trojan Trl,Glasgow,KY,42141-2214,270-629-5505
Barren County Healthy Kids Clinic Annex,"CUMBERLAND FAMILY MEDICAL CENTER, INC.",507 Trojan Trl,Glasgow,KY,42141-2214,270-651-6315
HARDIN COUNTY DENTAL CLINIC,"CUMBERLAND FAMILY MEDICAL CENTER, INC.",1309 Roseville Rd,Glasgow,KY,42141-7944,270-678-9475
Cannon County Health Department/Community Health Center,COMMUNITY HEALTH & EMERGENCY SERVICES INC,226 MAIN STREET,ROSICLARE,IL,62982-0069,618-285-3930
Glasgow Preschool Academy Healthy Kids Clinic,TENNESSEE DEPARTMENT OF HEALTH,106 Alexander Dr,Woodbury,TN,37190-5275,615-563-4243
College Street Campus Healthy Kids Clinic,"CUMBERLAND FAMILY MEDICAL CENTER, INC.",629 W Cherry St,Glasgow,KY,42141-1513,270-858-6655
Primary Care & Hope Clinic of Shelbyville,"CUMBERLAND FAMILY MEDICAL CENTER, INC.",304 E College St,Glasgow,KY,42141-2518,270-629-6554
Gamaliel Family Medical Center,RUTHERFORD COUNTY PRIMARY CARE CLINIC INC,1701 N Main St,Shelbyville,TN,37160-2303,615-893-9390
Audubon Area Community Care Clinic - Newton Parrish Elementary School,"CUMBERLAND FAMILY MEDICAL CENTER, INC.",102 RHODES ST,GAMALIEL,KY,42140-8942,270-457-3000
Temple Hill Healthy Kids Clinic,"AUDUBON AREA COMMUNITY CARE CLINIC, INC",510 W Byers Ave,Owensboro,KY,42303-6327,270-686-6040
Audubon Area Community Care Clinic - Owensboro Innovation Academy,"CUMBERLAND FAMILY MEDICAL CENTER, INC.",8788 Tompkinsville Rd,Glasgow,KY,42141-8824,270-427-2611
North Jackson Healthy Kids Clinic,"AUDUBON AREA COMMUNITY CARE CLINIC, INC",2631 S Griffith Ave,Owensboro,KY,42301-5318,270-686-6040
Glasgow Pediatric Healthcare,"CUMBERLAND FAMILY MEDICAL CENTER, INC.",2002 N Jackson Hwy,Glasgow,KY,42141-9095,270-629-5665
"Regional Health Care Affiliates, Inc. dba. Health First Community Health Center- Neel Clinic","CUMBERLAND FAMILY MEDICAL CENTER, INC.",301 Professional Park Dr,Glasgow,KY,42141-3487,270-651-9696
Glasgow Pediatric Healthcare Healthy Kids Clinic,"REGIONAL HEALTH CARE AFFILIATES, INC.",2816 VEACH RD STE 205,OWENSBORO,KY,42303-6299,270-926-9821
Audubon Area Community Care Clinic - Sutton Elementary School,"CUMBERLAND FAMILY MEDICAL CENTER, INC.",303 Professional Park Dr,Glasgow,KY,42141-3487,270-858-6655
Audubon Area Community Care Clinic - Owensboro Middle School,"AUDUBON AREA COMMUNITY CARE CLINIC, INC",2060 Lewis Ln,Owensboro,KY,42301-4463,270-686-6040
Waynesboro Primary Care,"AUDUBON AREA COMMUNITY CARE CLINIC, INC",1300 Booth Ave,Owensboro,KY,42301-4540,270-686-6040
Glasgow High Healthy Kids Clinic,MAURY REGIONAL HOSPITAL,321 Dexter L Woods Memorial Blvd  STE E,Waynesboro,TN,38485-2418,931-722-5411
Highland Elementary Healthy Kids Clinic,"CUMBERLAND FAMILY MEDICAL CENTER, INC.",1601 Columbia Ave,Glasgow,KY,42141-3333,270-651-8801
Glasgow Middle Healthy Kids Clinic,"CUMBERLAND FAMILY MEDICAL CENTER, INC.",164 Scottie Dr,Glasgow,KY,42141,270-659-0432
Audubon Area Community Care Clinic - Owensboro High School,"CUMBERLAND FAMILY MEDICAL CENTER, INC.",105 Scottie Dr,Glasgow,KY,42141-3518,270-651-2256
Audubon Area Community Care Clinic,"AUDUBON AREA COMMUNITY CARE CLINIC, INC",1800 Frederica St,Owensboro,KY,42301-4815,270-686-6040
LIFESPAN CLIFTON,"AUDUBON AREA COMMUNITY CARE CLINIC, INC",1620 Frederica St,Owensboro,KY,42301-4807,270-686-6040
Audubon Area Community Care Clinic - Emerson Academy,HARDIN COUNTY REGIONAL HEALTH CENTER,207 Main St,Clifton,TN,38425-5547,931-676-3121
Audubon Area Community Care Clinic - Cravens Elementary School,"AUDUBON AREA COMMUNITY CARE CLINIC, INC",1335 W 11th St,Owensboro,KY,42301-2073,270-686-6040
Audubon Area Community Care Clinic - Estes Elementary School,"AUDUBON AREA COMMUNITY CARE CLINIC, INC",2741 Cravens Ave,Owensboro,KY,42301-1666,270-686-6040
"Regional Health Care Affiliates, Inc. dba Health First Community Health Center- Union County","AUDUBON AREA COMMUNITY CARE CLINIC, INC",1675 Leitchfield Rd,Owensboro,KY,42303-0935,270-686-6040
Audubon Area Community Care Clinic - Foust Elementary School,"REGIONAL HEALTH CARE AFFILIATES, INC.",220 N Morgan St,Morganfield,KY,42437-1412,270-285-1318
POPE COUNTY MEDICAL CLINIC,"AUDUBON AREA COMMUNITY CARE CLINIC, INC",601 Foust Ave,Owensboro,KY,42301-1961,270-686-6040
KentuckyCare - 058,COMMUNITY HEALTH & EMERGENCY SERVICES INC,217 S ADAMS STREET,GOLCONDA,IL,62938,618-683-3781
Audubon Area Community Care Clinic - Benttree,ARCARE,2006 Holiday Lane,Fulton,KY,42041,870-347-2534
Caverna Elementary Healthy Kids Clinic,"AUDUBON AREA COMMUNITY CARE CLINIC, INC",4215 Benttree Dr,Owensboro,KY,42301-8669,270-686-6040
Cub Run Healthy Kids Clinic,"CUMBERLAND FAMILY MEDICAL CENTER, INC.",1106 N Dixie Hwy  RM 34,Cave City,KY,42127,270-733-3671
Eastern Healthy Kids Clinic,"CUMBERLAND FAMILY MEDICAL CENTER, INC.",170 E Gap Hill Rd,Cub Run,KY,42729-7670,270-524-2925
Metropolis Medical Clinic,"CUMBERLAND FAMILY MEDICAL CENTER, INC.",4601 New Salem Rd,Glasgow,KY,42141-9422,270-678-2722
DEKALB COUNTY HEALTH DEPARTMENT,RURAL HEALTH INC,1003 E 5th St,Metropolis,IL,62960-2311,618-524-7499
Monroe Family Medical Center,TENNESSEE DEPARTMENT OF HEALTH,254 Tiger Dr,Smithville,TN,37166-6812,615-597-7599
"Regional Health Care Affiliates, Inc. dba. Health First Community Health Center- Cabell Platt","CUMBERLAND FAMILY MEDICAL CENTER, INC.",1515 Edmonton Rd,Tompkinsville,KY,42167-9402,270-487-9272
Hiseville Healthy Kids Clinic,"REGIONAL HEALTH CARE AFFILIATES, INC.",700 Martin Luther King Jr Ave,Henderson,KY,42420-3663,270-826-4800
Jackson County Health Department,"CUMBERLAND FAMILY MEDICAL CENTER, INC.",149 Cardinal Blvd,Hiseville,KY,42152,270-453-2611
Kentuckycare - 39,TENNESSEE DEPARTMENT OF HEALTH,600 N Murray St,Gainesboro,TN,38562-9313,931-268-0218
Caverna Middle/High Healthy Kids Clinic,ARCARE,308 S. WASHINGTON ST.  STE 200,CLINTON,KY,42031-1347,870-347-2534
Munfordville Healthy Kids Clinic,"CUMBERLAND FAMILY MEDICAL CENTER, INC.",2276 S Dixie Hwy  RM 6012,Horse Cave,KY,42749,270-773-4665
Munfordville Medical Center,"CUMBERLAND FAMILY MEDICAL CENTER, INC.",505 W Union St,Munfordville,KY,42765-8909,270-524-4651
Hart County High Healthy Kids Clinic,"CUMBERLAND FAMILY MEDICAL CENTER, INC.",600 Main St,Munfordville,KY,42765-9426,270-524-2889
Shawneetown Community Health Center,"CUMBERLAND FAMILY MEDICAL CENTER, INC.",1014 S Dixie Hwy,Munfordville,KY,42765-9234,270-524-9341
LeGrande Healthy Kids Clinic,Christopher Greater Area Rural Health Planning Corporation,9525 Gold Hill Road,Shawneetown,IL,62984,618-269-3815
KentuckyCare - 021,"CUMBERLAND FAMILY MEDICAL CENTER, INC.",70 LeGrande School Rd,Horse Cave,KY,42749-7714,270-786-2746
MRMG Primary Care (Collinwood),ARCARE,75 E Court St,Bardwell,KY,42023-8483,870-347-2534
Bonnieville Healthy Kids Clinic,MAURY REGIONAL HOSPITAL,902 Highway 13 S,Collinwood,TN,38450-4614,931-722-9999
Metcalfe County Middle Healthy Kids Clinic,"CUMBERLAND FAMILY MEDICAL CENTER, INC.",7874 N Dixie Hwy,Bonnieville,KY,42713-8308,270-531-1111
Metcalfe County High Healthy Kids Clinic,"CUMBERLAND FAMILY MEDICAL CENTER, INC.",208 Randolph St.  LOT 1,Edmonton,KY,42129,270-432-2481
Promise Community Health Center - Edmonton,"CUMBERLAND FAMILY MEDICAL CENTER, INC.",208 Randolph St.  LOT 2,Edmonton,KY,42129,270-432-2481
"Gibson County Community Health Center, TDH","CUMBERLAND FAMILY MEDICAL CENTER, INC.",109 Sartin Dr,Edmonton,KY,42129,270-432-2444
Metcalfe County Elementary Healthy Kids Clinic,TENNESSEE DEPARTMENT OF HEALTH,1250 S Manufacturers Row,Trenton,TN,38382-3632,731-855-7601
Metcalfe Family Medical Center,"CUMBERLAND FAMILY MEDICAL CENTER, INC.",703 W. Stockton St.,Edmonton,KY,42129,270-432-2051
Memorial Healthy Kids Clinic,"CUMBERLAND FAMILY MEDICAL CENTER, INC.",612 W Stockton St,Edmonton,KY,42129-9458,270-858-6655
CLAY COUNTY HEALTH DEPARTMENT,"CUMBERLAND FAMILY MEDICAL CENTER, INC.",1400 N Jackson Hwy,Hardyville,KY,42746-8733,270-528-2271
ECHO Pediatric and Prenatal Clinic,TENNESSEE DEPARTMENT OF HEALTH,115 Guffey St,Celina,TN,38551-4089,931-243-2651
"ECHO Community Health Care, Inc. Mulberry Street Clinic",ECHO COMMUNITY HEALTH CARE,316 CHANDLER AVE,EVANSVILLE,IN,47713-1147,812-436-4501
ECHO John Street Woodson Homeless Health Clinic,ECHO COMMUNITY HEALTH CARE,315 Mulberry St,Evansville,IN,47713,812-421-7489
ECHO Division Street Family Clinic,ECHO COMMUNITY HEALTH CARE,401 John St,Evansville,IN,47713-2733,812-436-0224
East Jackson Women's Health Center,ECHO COMMUNITY HEALTH CARE,25 West Division Street,Evansville,IN,47710,812-436-4501
LIFESPAN Health,CHRIST COMMUNITY HEALTH SERVICES INC,1104 Whitehall,Jackson,TN,38301,731-213-6899
KentuckyCare - 112,HARDIN COUNTY REGIONAL HEALTH CENTER,150 E End Dr,Savannah,TN,38372-1712,731-925-2300
Lifespan Enoch Blvd,ARCARE,120 N 4TH ST,BARLOW,KY,42024-9579,870-347-2534
East Jackson Health Center,HARDIN COUNTY REGIONAL HEALTH CENTER,175 Enoch Blvd,Savannah,TN,38372-2240,731-925-2300
PUTNAM COUNTY HEALTH DEPARTMENT,CHRIST COMMUNITY HEALTH SERVICES INC,655 Lexington Ave,Jackson,TN,38301-5075,731-540-0330
Obion County Medical Clinic,TENNESSEE DEPARTMENT OF HEALTH,701 County Services Drive,Cookeville,TN,38501,931-528-2531
"HARDIN COUNTY REGIONAL HEALTH CENTER, INC. DBA LIFESPAN HEALTH","Citizens of Lake County for Health Care, Inc.",321 W Harper St Bldg,Troy,TN,38260-5653,731-536-0371 x73125
WARREN COUNTY HEALTH DEPARTMENT,HARDIN COUNTY REGIONAL HEALTH CENTER,765 FLORENCE RD.,SAVANNAH,TN,38372-3451,731-925-2300
West Hardin Middle Healthy Kids Clinic,TENNESSEE DEPARTMENT OF HEALTH,1401 Sparta St,Mc Minnville,TN,37110-1301,931-473-8468
Lakewood Healthy Kids Clinic,"CUMBERLAND FAMILY MEDICAL CENTER, INC.",10471 Leitchfield Rd,Cecilia,KY,42724-9536,270-862-3924
Creekside Healthy Kids Clinic,"CUMBERLAND FAMILY MEDICAL CENTER, INC.",265 Learning Place Ln,Cecilia,KY,42724-9563,270-862-4516
Henderson Health Center,"CUMBERLAND FAMILY MEDICAL CENTER, INC.",151 Horseshoe Bend Rd,Sonora,KY,42776-9329,270-369-8460
UCPCP Mobile Unit #1,HARDEMAN COUNTY COMMUNITY HEALTH CENTER,1132 Industrial Drive,Henderson,TN,38340,731-983-3175
A Plus Family HealthCare-Sonora,TENNESSEE DEPARTMENT OF HEALTH,1100 England Dr,Cookeville,TN,38501-0924,931-528-7531
Lifespan Adamsville,"A+ FAMILY HEALTHCARE, LLC",12080 S Dixie Hwy,Sonora,KY,42776-9739,270-975-4050
VIENNA MEDICAL CLINIC,HARDIN COUNTY REGIONAL HEALTH CENTER,726 E Main St,Adamsville,TN,38310-2458,731-925-2300
HARRISBURG COMMUNITY HTLH CENTER,RURAL HEALTH INC,803 N    1st St,Vienna,IL,62995-1544,618-658-2811
East Hardin Middle Healthy Kids Clinic,COMMUNITY HEALTH & EMERGENCY SERVICES INC,205 N MAIN ST,HARRISBURG,IL,62946-1272,618-253-8450
Carrier Mills Community Health Center,"CUMBERLAND FAMILY MEDICAL CENTER, INC.",129 College St,Glendale,KY,42740-9798,270-369-7370
Eldorado Rural Health Clinic,Christopher Greater Area Rural Health Planning Corporation,7211 US 45 S,Carrier Mills,IL,62917-1305,833-209-0498
Cecilia Valley Healthy Kids Clinic,Christopher Greater Area Rural Health Planning Corporation,1401 US Highway 45 N,Eldorado,IL,62930-3770,618-273-2951
CUMBERLAND FAMILY MEDICAL CENTER,"CUMBERLAND FAMILY MEDICAL CENTER, INC.",931 E Main St,Cecilia,KY,42724-9624,270-862-3287
Cumberland County Elementary Healthy Kids Clinic,"CUMBERLAND FAMILY MEDICAL CENTER, INC.",360 KEEN STREET,BURKESVILLE,KY,42717,270-864-2889
Cairo Diagnostic Center Site,"CUMBERLAND FAMILY MEDICAL CENTER, INC.",150 Glasgow Rd,Burkesville,KY,42717-9695,270-864-4390
Cumberland County High Healthy Kids Clinic,COMMUNITY HEALTH & EMERGENCY SERVICES INC,13289 Kessler Rd,Cairo,IL,62914-3101,618-734-1500
Cumberland County Middle Healthy Kids Clinic,"CUMBERLAND FAMILY MEDICAL CENTER, INC.",912 N Main St,Burkesville,KY,42717-8955,270-864-3451
CHESI WOW Van,"CUMBERLAND FAMILY MEDICAL CENTER, INC.",908 N Main St,Burkesville,KY,42717-8955,270-864-5818
CAIRO MEGA CLINIC,COMMUNITY HEALTH & EMERGENCY SERVICES INC,13245 Kessler Rd,Cairo,IL,62914-3101,618-734-4400
OVERTON COUNTY HEALTH DEPARTMENT,COMMUNITY HEALTH & EMERGENCY SERVICES INC,13245 Kessler Rd,Cairo,IL,62914-3101,618-734-4400
WHITE COUNTY HEALTH DEPARTMENT,TENNESSEE DEPARTMENT OF HEALTH,5880 Bradford Hicks Dr,Livingston,TN,38570-2236,931-823-6260
Central Hardin High Healthy Kids Clinic,TENNESSEE DEPARTMENT OF HEALTH,135 Walker St,Sparta,TN,38583-1725,931-836-2201
Abraham Lincoln Healthy Kids Clinic,"CUMBERLAND FAMILY MEDICAL CENTER, INC.",3040 Leitchfield Rd,Cecilia,KY,42724-9699,270-737-6800
GC Burkhead Healthy Kids Clinic,"CUMBERLAND FAMILY MEDICAL CENTER, INC.",2101 Lincoln Farm Rd,Hodgenville,KY,42748-9704,270-358-4142
Rineyville Healthy Kids Clinic,"CUMBERLAND FAMILY MEDICAL CENTER, INC.",1323 Saint John Rd,Elizabethtown,KY,42701-8745,270-769-5983
Larue County High Healthy Kids Clinic,"CUMBERLAND FAMILY MEDICAL CENTER, INC.",275 Rineyville School Rd,Rineyville,KY,40162-9763,270-737-7371 x27056
College View Healthy Kids Clinic,"CUMBERLAND FAMILY MEDICAL CENTER, INC.",925 S Lincoln Blvd,Hodgenville,KY,42748-1701,270-358-2210
Green Co. Intermediate Healthy Kids Clinic,"CUMBERLAND FAMILY MEDICAL CENTER, INC.",521 Charlemagne Blvd,Elizabethtown,KY,42701-3107,270-234-5732
Larue County Middle Healthy Kids Clinic,"CUMBERLAND FAMILY MEDICAL CENTER, INC.",401 E Hodgenville Ave,Greensburg,KY,42743-1343,270-932-6613
Green County Primary Healthy Kids Clinic,"CUMBERLAND FAMILY MEDICAL CENTER, INC.",911 S Lincoln Blvd,Hodgenville,KY,42748-1701,270-358-3196
Green County Middle Healthy Kids Clinic,"CUMBERLAND FAMILY MEDICAL CENTER, INC.",100 Kidz Korner,Greensburg,KY,42743-1433,270-932-6619
Green County High Healthy Kids Clinic,"CUMBERLAND FAMILY MEDICAL CENTER, INC.",106 Brummal Ave,Greensburg,KY,42743-1045,270-932-6615
Hodgenville Healthy Kids Clinic,"CUMBERLAND FAMILY MEDICAL CENTER, INC.",302 Brummal Ave,Greensburg,KY,42743-1004,270-932-6610
Kids Crew Healthy Kids Clinic,"CUMBERLAND FAMILY MEDICAL CENTER, INC.",33 Eagle Ln,Hodgenville,KY,42748-1737,270-358-3506
Hardin Early College and Career Center Healthy Kids Clinic,"CUMBERLAND FAMILY MEDICAL CENTER, INC.",208 College St,Hodgenville,KY,42748-1404,270-358-8383
Greensburg Family Medical,"CUMBERLAND FAMILY MEDICAL CENTER, INC.",200 University Dr,Elizabethtown,KY,42701-3117,270-769-7930
Helmwood Healthy Kids Clinic,"CUMBERLAND FAMILY MEDICAL CENTER, INC.",462 Commerce Dr,Greensburg,KY,42743,270-932-2424
Valley View Healthy Kids Clinic,"CUMBERLAND FAMILY MEDICAL CENTER, INC.",307 Cardinal Dr,Elizabethtown,KY,42701-2713,270-769-1328
Flaherty Elementary Healthy Kids Clinic,"CUMBERLAND FAMILY MEDICAL CENTER, INC.",701 Hawkins Dr,Elizabethtown,KY,42701-1041,270-769-2359
Flaherty Primary Healthy Kids Clinic,"CUMBERLAND FAMILY MEDICAL CENTER, INC.",2615 Flaherty Rd,Ekron,KY,40117-8805,270-422-7565
Adams School,"CUMBERLAND FAMILY MEDICAL CENTER, INC.",2635 Flaherty Rd,Ekron,KY,40117-8805,270-422-7575
Sunrise Glen Dale Center Healthy Kids Clinic,SHAWNEE HEALTH SERVICE AND DEVELOPMENT CORPORATION,15470 Lake of Egypt Rd.  RM Conferenc,Creal Springs,IL,62922-3731,618-956-9690
Morningside Healthy Kids Clinic,"CUMBERLAND FAMILY MEDICAL CENTER, INC.",1030 Commerce Dr,Elizabethtown,KY,42701-1281,844-435-0900
TK Stone Middle Healthy Kids Clinic,"CUMBERLAND FAMILY MEDICAL CENTER, INC.",313 Morningside Dr,Elizabethtown,KY,42701-1739,270-769-3359
PULASKI CLINIC,"CUMBERLAND FAMILY MEDICAL CENTER, INC.",323 Morningside Dr,Elizabethtown,KY,42701-1739,270-769-6343
Panther Academy Healthy Kids Clinic,COMMUNITY HEALTH & EMERGENCY SERVICES INC,100 MARKET STREETPO BOX 89,PULASKI,IL,62976-2529,618-342-6767
Elizabethtown High Healthy Kids Clinic,"CUMBERLAND FAMILY MEDICAL CENTER, INC.",634 N Mulberry St,Elizabethtown,KY,42701-1939,270-765-3007
James T. Alton Healthy Kids Clinic,"CUMBERLAND FAMILY MEDICAL CENTER, INC.",620 N Mulberry St,Elizabethtown,KY,42701-1939,270-769-3381
Toney Family Health Center,"CUMBERLAND FAMILY MEDICAL CENTER, INC.",100 Country Club Rd,Vine Grove,KY,40175-1169,270-877-2135
Dale Community Medical Services,CENTRAL NORTH ALABAMA HEALTH SERVICES INC,8208 Highway 53,Toney,AL,35773-8582,256-851-8804
Vine Grove Healthy Kids Clinic,LIFESPRING INC,110 S Main St,Dale,IN,47523-5204,812-280-2080
John Hardin High Healthy Kids Clinic,"CUMBERLAND FAMILY MEDICAL CENTER, INC.",309 1st St,Vine Grove,KY,40175-1178,270-877-5410
Bluegrass Middle Healthy Kids Clinic,"CUMBERLAND FAMILY MEDICAL CENTER, INC.",384 W A Jenkins Rd,Elizabethtown,KY,42701-8496,270-769-8906
East Prairie Dental Center,"CUMBERLAND FAMILY MEDICAL CENTER, INC.",170 W A Jenkins Rd,Elizabethtown,KY,42701-8451,502-765-2658
Goreville Medical Clinic,SOUTHEAST MISSOURI HEALTH NETWORK,111 Prairie Dr,East Prairie,MO,63845-1114,573-649-9311
Ekron Healthy Kids Clinic,RURAL HEALTH INC,211 N Broadway,Goreville,IL,62939-2323,618-995-1002
New Highland Healthy Kids Clinic,"CUMBERLAND FAMILY MEDICAL CENTER, INC.",2500 Haysville Rd,Ekron,KY,40117-8504,270-422-7570
A Plus Family HealthCare-Elizabethtown,"CUMBERLAND FAMILY MEDICAL CENTER, INC.",110 W A Jenkins Rd,Elizabethtown,KY,42701-8451,270-737-6612
Payneville Elementary Healthy Kids Clinic,"A+ FAMILY HEALTHCARE, LLC","3046 Dolphin Dr, Ste 100",Elizabethtown,KY,42701-7182,270-975-4050
VAN BUREN COUNTY HEALTH DEPT,"CUMBERLAND FAMILY MEDICAL CENTER, INC.",520 Rhodelia Rd,Payneville,KY,40157-7538,270-422-7550
First Choice Immediate Care Center,TENNESSEE DEPARTMENT OF HEALTH,907 Old Mcminnville St,Spencer,TN,38585-3200,931-946-2438
Heartland Healthy Kids Clinic,"CUMBERLAND FAMILY MEDICAL CENTER, INC.",197 Will Walker Rd,Columbia,KY,42728-7436,270-858-6655
Promise Community Health Center-Elizabethtown,"CUMBERLAND FAMILY MEDICAL CENTER, INC.",2300 Nelson Dr,Elizabethtown,KY,42701-5945,270-769-8930
"Family Health Care Clinic, Inc. --Rogersville","CUMBERLAND FAMILY MEDICAL CENTER, INC.",2608 Ring Rd Ste B107,Elizabethtown,KY,42701-7945,270-506-3741
Woodland Healthy Kids Clinic,"Family Health Care Clinic, Inc.",16410 U.S. Highway 72,Rogersville,AL,35652-8117,256-247-3154
Lifespan Selmer,"CUMBERLAND FAMILY MEDICAL CENTER, INC.",6000 S Woodland Dr,Radcliff,KY,40160-8761,270-352-5828
North Middle Healthy Kids Clinic,HARDIN COUNTY REGIONAL HEALTH CENTER,181 S Y Sq,Selmer,TN,38375-1739,731-925-2300 x52300
Adair County Primary Healthy Kids Clinic,"CUMBERLAND FAMILY MEDICAL CENTER, INC.",100 Trojan Way,Radcliff,KY,40160-3405,270-352-3340
Adair County High Healthy Kids Clinic,"CUMBERLAND FAMILY MEDICAL CENTER, INC.",158 Col Casey Dr,Columbia,KY,42728-5319,270-384-3367
Adair County Elementary Healthy Kids Clinic,"CUMBERLAND FAMILY MEDICAL CENTER, INC.",526 Indian Dr,Columbia,KY,42728-1879,270-384-2751
CHHS Bruin Academy Healthy Kids Clinic,"CUMBERLAND FAMILY MEDICAL CENTER, INC.",870 Indian Dr,Columbia,KY,42728-1813,270-384-0077
Meadow View Healthy Kids Clinic,"CUMBERLAND FAMILY MEDICAL CENTER, INC.",3154 Bardstown Rd  RM 105,Elizabethtown,KY,42701-7513,270-737-6800
North Park Healthy Kids Clinic,"CUMBERLAND FAMILY MEDICAL CENTER, INC.",1255 W Vine St,Radcliff,KY,40160-1941,270-352-0500
Carmi Community Health Center,"CUMBERLAND FAMILY MEDICAL CENTER, INC.",1080 S Logsdon Pkwy,Radcliff,KY,40160-1818,270-351-4464
North Hardin High Healthy Kids Clinic,COMMUNITY HEALTH & EMERGENCY SERVICES INC,1400 W Main St,Carmi,IL,62821-1387,618-382-4181
CRHPC-Carmi Health Center,"CUMBERLAND FAMILY MEDICAL CENTER, INC.",801 S Logsdon Pkwy,Radcliff,KY,40160-1931,270-351-3167
Adair County Middle Healthy Kids Clinic,Christopher Greater Area Rural Health Planning Corporation,103 Commerce Street,Carmi,IL,62821,618-384-5686
Lincoln Trail Healthy Kids Clinic,"CUMBERLAND FAMILY MEDICAL CENTER, INC.",322 General John Adair Dr,Columbia,KY,42728-1878,270-384-5308
Radcliff Healthy Kids Clinic,"CUMBERLAND FAMILY MEDICAL CENTER, INC.",3970 Bardstown Rd,Elizabethtown,KY,42701-9787,270-737-7227
Tamms Health Center,"CUMBERLAND FAMILY MEDICAL CENTER, INC.",1145 S Dixie Blvd,Radcliff,KY,40160-1104,270-352-3350
My Lyfe- Lindsey Wilson College,COMMUNITY HEALTH & EMERGENCY SERVICES INC,290 Railroad Street,Tamms,IL,62988,618-747-2391
Adair Family Medical Center,"CUMBERLAND FAMILY MEDICAL CENTER, INC.",210 Lindsey Wilson St,Columbia,KY,42728-1223,844-435-0900
Stuart Pepper Healthy Kids Clinic,"CUMBERLAND FAMILY MEDICAL CENTER, INC.",937 Campbellsville Rd,Columbia,KY,42728-2265,270-384-2777
Athens Family Health Center,"CUMBERLAND FAMILY MEDICAL CENTER, INC.",1085 Old Ekron Rd,Brandenburg,KY,40108-1719,270-422-7530
Lake County Primary Care Clinic,CENTRAL NORTH ALABAMA HEALTH SERVICES INC,1005 W Market St Ste B,Athens,AL,35611-2454,256-230-3061
David T. Wilson Healthy Kids Clinic,"Citizens of Lake County for Health Care, Inc.",710 Carl Perkins Pkwy,Tiptonville,TN,38079-1678,731-253-6690
Barry Hahn Healthy Kids Clinic,"CUMBERLAND FAMILY MEDICAL CENTER, INC.",1075 Old Ekron Rd,Brandenburg,KY,40108-1719,270-422-7540
Grundy County Primary Care Center,"CUMBERLAND FAMILY MEDICAL CENTER, INC.",750 Broadway St,Brandenburg,KY,40108-1709,270-422-7545
Meade County High Healthy Kids Clinic,OCOEE REGIONAL HEALTH CORP,10120 SR 56,Coalmont,TN,37313-2505,931-779-4002
"Tulip Tree Health Services of Gibson County, Inc. d/b/a Tulip Tree Family Health Care","CUMBERLAND FAMILY MEDICAL CENTER, INC.",938 Old State Rd,Brandenburg,KY,40108-1122,270-422-7515
"Family Health Care Clinic, Inc. --Florence","Tulip Tree Health Services of Gibson County, Inc.",123 N Mccreary St,Fort Branch,IN,47648-1313,812-753-1039
PICKETT COUNTY HEALTH DEPARTMENT,"Family Health Care Clinic, Inc.","216 S. Marengo Street, Suite A",Florence,AL,35630-0000,800-508-7481
Clinton Family Medical Center,TENNESSEE DEPARTMENT OF HEALTH,1013 Woodlawn Dr,Byrdstown,TN,38549-2317,931-864-3178
Albany Healthy Kids Clinic,"CUMBERLAND FAMILY MEDICAL CENTER, INC.",606 Burkesville Road,Albany,KY,42602-1612,606-387-4251
Albany Family Medical Center - Downtown,"CUMBERLAND FAMILY MEDICAL CENTER, INC.",819 3rd St,Albany,KY,42602-1635,606-387-5828
Clinton County Middle Healthy Kids Clinic,"CUMBERLAND FAMILY MEDICAL CENTER, INC.",106 N Cross St,Albany,KY,42602-1416,270-858-6655
WILLLIAM B. ACREE CLINIC,"CUMBERLAND FAMILY MEDICAL CENTER, INC.",169 Middle School Road,Albany,KY,42602,606-387-5569
Washington Elementary School,"Citizens of Lake County for Health Care, Inc.",130 N Main St,Ridgely,TN,38080-1317,731-264-5518
Jefferson Elementary School,SHAWNEE HEALTH SERVICE AND DEVELOPMENT CORPORATION,420 E. Main St.  Stem Lab,Marion,IL,62959,618-519-9200
Marion Wellness,SHAWNEE HEALTH SERVICE AND DEVELOPMENT CORPORATION,700 E. Boulevard St Rm C23,Marion,IL,62959-3306,618-519-9200
Taylor County High Healthy Kids Clinic,SHAWNEE HEALTH SERVICE AND DEVELOPMENT CORPORATION,1700 Wildcat Dr Ste A,Marion,IL,62959-1513,618-969-8228 x000
Clinton Early Childhood Healthy Kids Clinic,"CUMBERLAND FAMILY MEDICAL CENTER, INC.",2705 Hodgenville Rd,Campbellsville,KY,42718-9493,270-465-4431
New Market Clinic,"CUMBERLAND FAMILY MEDICAL CENTER, INC.",204 King Dr,Albany,KY,42602-9630,606-387-4283
Clinton County High Healthy Kids Clinic,CENTRAL NORTH ALABAMA HEALTH SERVICES INC,110 CLINIC ST,NEW MARKET,AL,35761-8507,256-379-2101
Albany Family Medical Center,"CUMBERLAND FAMILY MEDICAL CENTER, INC.",65 High School Dr,Albany,KY,42602-8986,606-387-5569
Longfellow Elementary School,"CUMBERLAND FAMILY MEDICAL CENTER, INC.",127 Foothills Ave,Albany,KY,42602-1037,270-858-6655
Lincoln Elementary School,SHAWNEE HEALTH SERVICE AND DEVELOPMENT CORPORATION,1400 W. Hendrickson St. Tech.  RM,Marion,IL,62959,618-519-9200
New Madrid Medical Center,SHAWNEE HEALTH SERVICE AND DEVELOPMENT CORPORATION,400 Morningside Dr.  RM A12,Marion,IL,62959,618-519-9200
Marion Jr. High School,SOUTHEAST MISSOURI HEALTH NETWORK,421 Semo Dr,New Madrid,MO,63869-1733,573-748-2592
Taylor Family Medical Center,SHAWNEE HEALTH SERVICE AND DEVELOPMENT CORPORATION,1609 W. Main St.  Conf. Rm.,Marion,IL,62959,618-519-9200
One Cross Health,"CUMBERLAND FAMILY MEDICAL CENTER, INC.",101 Winston Way  STE C &amp; D,Campbellsville,KY,42718,270-858-6655
Taylor County Middle Healthy Kids Clinic,ONE CROSS COMMUNITY INC,106 Winston Way,Campbellsville,KY,42718,270-789-0034
Taylor County Primary Healthy Kids Clinic,SOUTHEAST MISSOURI HEALTH NETWORK,655 US Highway 61,New Madrid,MO,63869-1101,573-313-2500
DONGOLA MEDICAL CLINIC,"CUMBERLAND FAMILY MEDICAL CENTER, INC.",300 Ingram Ave,Campbellsville,KY,42718-1625,270-465-2877
Taylor County Intermediate Healthy Kids Clinic,"CUMBERLAND FAMILY MEDICAL CENTER, INC.",106 Ingram Ave,Campbellsville,KY,42718-1621,270-465-0449
"Familly Health Care Clinic, Inc.--Muscle Shoals",RURAL HEALTH INC,318 N. US HWY 51,DONGOLA,IL,62926-0000,618-827-3545
NMCC School Based Health Center,"CUMBERLAND FAMILY MEDICAL CENTER, INC.",1207 E Broadway St,Campbellsville,KY,42718-1578,270-465-5691
ANNA MEDICAl CLINIC,"Family Health Care Clinic, Inc.","102 Physicians Drive, Suite B",Muscle Shoals,AL,35662-2504,256-389-9797
"Shawnee Health, Marion OB/GYN",SOUTHEAST MISSOURI HEALTH NETWORK,310 US Highway 61,New Madrid,MO,63869-9753,573-688-6031
"Shawnee Health Care, Marion",RURAL HEALTH INC,513 N Main St,Anna,IL,62906-1668,618-833-4471
"Shawnee Health Care, Marion Dental",SHAWNEE HEALTH SERVICE AND DEVELOPMENT CORPORATION,1506 Sioux Dr,Marion,IL,62959-5209,618-519-9200
Johnston City Community Health Center,SHAWNEE HEALTH SERVICE AND DEVELOPMENT CORPORATION,3111 Williamson County Pkwy,Marion,IL,62959-5235,618-519-9200
"Family Health Care Clinic, Inc. Mobile unit2",SHAWNEE HEALTH SERVICE AND DEVELOPMENT CORPORATION,3115 Williamson County Parkway,Marion,IL,62959-0000,618-519-9200
"Family Health Care Clinic, Inc. --Town Creek",Christopher Greater Area Rural Health Planning Corporation,14410 Route 37,Johnston City,IL,62951,618-983-6911
Shawnee Health Social Services,"Family Health Care Clinic, Inc.",1841 Alabama Highway 20,Town Creek,AL,35672-0000,601-936-3833
Sikeston High School Clinic,"Family Health Care Clinic, Inc.",1841 Alabama Highway 20,Town Creek,AL,35672-0000,800-508-7481
Sikeston Medical Clinic,SHAWNEE HEALTH SERVICE AND DEVELOPMENT CORPORATION,6355 Brandhorst Rd,Carterville,IL,62918-3322,618-519-9200
Hardeman County Community Health Center Women & Children's Center,SOUTHEAST MISSOURI HEALTH NETWORK,200 Pine St,Sikeston,MO,63801-3258,573-472-8887
HARDEMAN COUNTY COMMUNITY HEALTH CENTER,SOUTHEAST MISSOURI HEALTH NETWORK,200 Southland Dr,Sikeston,MO,63801-4403,573-472-1770
Hardeman County Community Health Center Mobile Clinic,HARDEMAN COUNTY COMMUNITY HEALTH CENTER,627 Nuckolls Rd,Bolivar,TN,38008-1599,731-600-1063
Sikeston Dental Center,HARDEMAN COUNTY COMMUNITY HEALTH CENTER,629 Nuckolls Rd,Bolivar,TN,38008-1599,731-658-3388
HAPPI Health-Sparkman,HARDEMAN COUNTY COMMUNITY HEALTH CENTER,629 Nuckolls Rd,Bolivar,TN,38008-1599,731-658-3388
Tulip Tree Family Health Care Princeton,SOUTHEAST MISSOURI HEALTH NETWORK,220 Southland Dr,Sikeston,MO,63801-4403,573-471-4167
School Health Clinic,HAPPI HEALTH,2597 Sparkman Dr NW,Huntsville,AL,35810-3868,256-585-6212
Thrive Alabama Health Education Location,"Tulip Tree Health Services of Gibson County, Inc.",108 N Main St,Princeton,IN,47670-1540,812-753-1039
Corinth Health Care Associates,HARDEMAN COUNTY COMMUNITY HEALTH CENTER,445 Nuckolls Rd,Bolivar,TN,38008-1539,731-658-3981
Sikeston Alternative Education Center Clinic,AIDS ACTION COALITION OF HUNTSVILLE,4825 University Square  STE 14,Huntsville,AL,35816-1826,256-536-4700
Mobile Unit #01,NORTH MS PRIMARY HEALTH CARE INC,1010 S Harper Rd,Corinth,MS,38834,662-396-4406
Jamestown Family Medical Center,NORTH MS PRIMARY HEALTH CARE INC,1415 S Harper Rd,Corinth,MS,38834-6613,662-396-4406
"Shawnee Health Care, Carterville",SOUTHEAST MISSOURI HEALTH NETWORK,835 W Murray Ln,Sikeston,MO,63801-4056,573-472-8887
Faith Dental of Russell Springs,SHAWNEE HEALTH SERVICE AND DEVELOPMENT CORPORATION,109 W Commercial Dr,Carterville,IL,62918-1936,618-519-9200
Jamestown Healthy Kids Clinic,"CUMBERLAND FAMILY MEDICAL CENTER, INC.",1417 N Main St,Jamestown,KY,42629-2411,270-343-2597
Russell County Middle Healthy Kids Clinic,SHAWNEE HEALTH SERVICE AND DEVELOPMENT CORPORATION,1006 S Division St,Carterville,IL,62918-1539,618-519-9200
Russell County High Healthy Kids Clinic,FAITH HEALTHCARE INC,458 Main Street,Russell Springs,KY,42642,606-388-9019
Mobile Health Clinic,"CUMBERLAND FAMILY MEDICAL CENTER, INC.",342 S MAIN ST,JAMESTOWN,KY,42629-2199,270-343-3966
Huntsville Family Health Center,"CUMBERLAND FAMILY MEDICAL CENTER, INC.",2258 S HIGHWAY 127,RUSSELL SPRINGS,KY,42642-4010,270-866-2224
Benton Medical Center,"CUMBERLAND FAMILY MEDICAL CENTER, INC.",2166 S HIGHWAY 127,RUSSELL SPRINGS,KY,42642-4010,270-866-3341
Behavioral Health-DEN plus Admin Church Street,CENTRAL NORTH ALABAMA HEALTH SERVICES INC,751 Pleasant Row,Huntsville,AL,35816,256-533-6311
Thrive Behavioral Health - Church Street,CENTRAL NORTH ALABAMA HEALTH SERVICES INC,751 Pleasant Row NW,Huntsville,AL,35816-2537,256-533-6311
Wellness on Wheels 2.0,SOUTHEAST MISSOURI HEALTH NETWORK,6724 Hwy 77E,Benton,MO,63736,573-545-4200
Russell Family Medical Center,AIDS ACTION COALITION OF HUNTSVILLE,415 Church St NW Building E  STE 4,Huntsville,AL,35801-5577,256-536-4700
Thrive Mobile Medical Unit,AIDS ACTION COALITION OF HUNTSVILLE,415 Church St NW Building E  STE 10,Huntsville,AL,35801-5570,256-536-4700
HAPPI Health-St. Clair,"CUMBERLAND FAMILY MEDICAL CENTER, INC.",404 Steve Dr,Russell Springs,KY,42642-4622,270-858-6655
HAPPI Health 807,"CUMBERLAND FAMILY MEDICAL CENTER, INC.",404 Steve Dr,Russell Springs,KY,42642-4622,270-866-3161
Jasper Community Medical Services,AIDS ACTION COALITION OF HUNTSVILLE,167 Westchester Road  UNIT 1002,Madison,AL,35758,256-536-4700
HAPPI Health - 813,HAPPI HEALTH,115 Saint Clair Ave SE,Huntsville,AL,35801-4343,256-519-3650
Russell Springs Healthy Kids Clinic,HAPPI HEALTH,807 Franklin St SE,Huntsville,AL,35801-4311,256-333-3044
Otter Creek Academy Healthy Kids Clinic,LIFESPRING INC,480 Eversman Dr,Jasper,IN,47546-3548,812-482-3020
Marion County Middle Healthy Kids Clinic,HAPPI HEALTH,813 Franklin St SE,Huntsville,AL,35801-4311,256-519-3650
West Marion Healthy Kids Clinic,"CUMBERLAND FAMILY MEDICAL CENTER, INC.",1554 N HIGHWAY 127,RUSSELL SPRINGS,KY,42642-9502,270-866-3587
Thrive Pediatrics,"CUMBERLAND FAMILY MEDICAL CENTER, INC.",1440 Old Bethel Church Rd,Alpha,KY,42633-6204,606-387-0675
Caruthersville Medical and Dental Center,"CUMBERLAND FAMILY MEDICAL CENTER, INC.",1155 Highway 327,Lebanon,KY,40033-9297,270-692-4578
Solvera Health Carbondale,"CUMBERLAND FAMILY MEDICAL CENTER, INC.",8175 N Loretto Rd,Loretto,KY,40037-8069,270-699-4320
Thrive Alabama - Primary Care,AIDS ACTION COALITION OF HUNTSVILLE,3007 Memorial Parkway South Suite C  UNIT 2,Huntsville,AL,35801,256-429-4500
Thrive Alabama - Social Work,SOUTHEAST MISSOURI HEALTH NETWORK,109 E 5th St,Caruthersville,MO,63830-1417,573-922-6097
Carbondale Middle School Health Center,SOLVERA HEALTHCARE CENTER INC,"2250 Reed Station Pkwy, Ste 305",Carbondale,IL,62901-8104,618-457-4999
Terrier Care,AIDS ACTION COALITION OF HUNTSVILLE,3500 Memorial Parkway S.W.,Huntsville,AL,35801,256-536-4700
Calvary Healthy Kids Clinic,AIDS ACTION COALITION OF HUNTSVILLE,2010 South Point Park Cir.  STE 150,Huntsville,AL,35801,256-536-4700
Lewis School Health Center,SHAWNEE HEALTH SERVICE AND DEVELOPMENT CORPORATION,1150 E Grand Ave Rm 127,Carbondale,IL,62901-3422,618-956-9690
Pike Central High School,SHAWNEE HEALTH SERVICE AND DEVELOPMENT CORPORATION,1301 E Walnut St Rm J120,Carbondale,IL,62901-5004,618-956-9690 x000
Pike Central Middle School,"CUMBERLAND FAMILY MEDICAL CENTER, INC.",3345 Highway 208,Lebanon,KY,40033-9487,270-692-3676
"Shawnee Health Care, Carbondale",SHAWNEE HEALTH SERVICE AND DEVELOPMENT CORPORATION,801 S Lewis Ln Rm 153,Carbondale,IL,62901-3408,618-956-9690
FENTRESS COUNTY HEALTH DEPT,GOOD SAMARITAN FAMILY HEALTH CENTER INC,1810 E State Road 56  FL 1,Petersburg,IN,47567-8378,812-354-8478
"Shawnee Health Care, Carbondale Dental",GOOD SAMARITAN FAMILY HEALTH CENTER INC,1814 E State Road 56,Petersburg,IN,47567-8378,812-354-8478
"Shawnee Health Care, Same Day",SHAWNEE HEALTH SERVICE AND DEVELOPMENT CORPORATION,400 South Lewis Lane,Carbondale,IL,62901-0000,618-519-9200
"Shawnee Health Care, OB/GYN",TENNESSEE DEPARTMENT OF HEALTH,240 COLONIAL CIRCLE STE A,JAMESTOWN,TN,38556-3924,931-879-9936
Wabash Community Health Center,SHAWNEE HEALTH SERVICE AND DEVELOPMENT CORPORATION,402 S Lewis Ln,Carbondale,IL,62901-3547,618-519-9200
Thomas Elementary School Health Center,SHAWNEE HEALTH SERVICE AND DEVELOPMENT CORPORATION,404 S Lewis Ln,Carbondale,IL,62901-3547,618-519-9200
Family Health Centers of Southern Indiana Harrison,SHAWNEE HEALTH SERVICE AND DEVELOPMENT CORPORATION,101 S Wall St,Carbondale,IL,62901-3021,618-519-9200
SIU Center for Family Medicine - Care-A-Van,WABASH GENERAL HOSPITAL DISTRICT,1123 Chestnut St,Mount Carmel,IL,62863-1212,618-263-4970
SIU Center for Family Medicine-Carbondale,SHAWNEE HEALTH SERVICE AND DEVELOPMENT CORPORATION,1025 N Wall St Rm 102,Carbondale,IL,62901-1737,618-956-9690
Lauderdale County Medical Clinic,FAMILY HEALTH CENTER CLARK COU,290 N HARRISON DR,CORYDON,IN,47112-1725,812-738-7576
BLEDSOE COUNTY PRIMARY CARE CTR.,SOUTHERN ILLINOIS UNIVERSITY SCHOOL OF MEDICINE,300 W Oak St  STE 100,Carbondale,IL,62901-1400,618-536-6621
Salem Healthy Kids Clinic,SOUTHERN ILLINOIS UNIVERSITY SCHOOL OF MEDICINE,300 W Oak St,Carbondale,IL,62901-1413,618-536-6621
"Family Health Care Clinic, Inc., --Decatur","Citizens of Lake County for Health Care, Inc.",317 Cleveland,Ripley,TN,38063-1205,731-221-1804
Albion Community Health Center,OCOEE REGIONAL HEALTH CORP,3625 Main St,Pikeville,TN,37367,423-447-6287
Cape Girardeau Service Site/Administrative Offices,"CUMBERLAND FAMILY MEDICAL CENTER, INC.",1409 S HIGHWAY 76,RUSSELL SPRINGS,KY,42642-9612,270-866-6197
Rea Clinic - Benton,"Family Health Care Clinic, Inc.",1304 13th Ave SE STE A,Decatur,AL,35601-4316,256-340-1251
CROSS TRAILS MEDICAL CENTER,Christopher Greater Area Rural Health Planning Corporation,33 West Main Street,Albion,IL,62806,618-445-2287
"One Cross Community, Inc.",CROSS TRAILS MEDICAL CENTER,2430 Golden,Cape Girardeau,MO,63703,573-339-1196
Lebanon Healthy Kids Clinic,Christopher Greater Area Rural Health Planning Corporation,206 E Church St Ste B,Benton,IL,62812-2239,618-435-9888
Cumberland County Health Department,CROSS TRAILS MEDICAL CENTER,408 S Broadview St,Cape Girardeau,MO,63703-5725,573-332-0808
Lebanon Pediatrics,ONE CROSS COMMUNITY INC,429 W Walnut St,Lebanon,KY,40033-1346,270-789-1010
Benton Mental Health Wellness Center,"CUMBERLAND FAMILY MEDICAL CENTER, INC.",420 W Main St,Lebanon,KY,40033-1363,270-692-3883
Parrish Elementary School Health Center,TENNESSEE DEPARTMENT OF HEALTH,1503 S Main St,Crossville,TN,38555-5967,931-484-6196
SICHC English,"CUMBERLAND FAMILY MEDICAL CENTER, INC.",311 W High St,Lebanon,KY,40033-1427,270-858-6655
Bardstown Elementary Healthy Kids Clinic,Christopher Greater Area Rural Health Planning Corporation,107 East Smith Street  STE B,Benton,IL,62812,833-209-0498
Bardstown High Healthy Kids Clinic,SHAWNEE HEALTH SERVICE AND DEVELOPMENT CORPORATION,121 N Parrish Ln Rm 123,Carbondale,IL,62901-2024,618-956-9690
Bardstown Middle Healthy Kids Clinic,"SOUTHERN INDIANA COMMUNITY HEALTH CARE, INC",307 S. Indiana Ave.,English,IN,47118,812-338-2924
Bardstown Career and Technology Healthy Kids Clinic,"CUMBERLAND FAMILY MEDICAL CENTER, INC.",1345 Templin Ave,Bardstown,KY,40004-2523,502-331-8801
Bardstown Early Childhood Healthy Kids Clinic,"CUMBERLAND FAMILY MEDICAL CENTER, INC.",400 N 5th St,Bardstown,KY,40004-1616,502-331-8802
Bardstown Primary Healthy Kids Clinic,"CUMBERLAND FAMILY MEDICAL CENTER, INC.",410 N 5th St,Bardstown,KY,40004-1616,502-331-8803
Cedar Court Clinic,"CUMBERLAND FAMILY MEDICAL CENTER, INC.",420 N 5th St,Bardstown,KY,40004-1616,502-331-8801
Lebanon Middle Healthy Kids Clinic,"CUMBERLAND FAMILY MEDICAL CENTER, INC.",980 Templin Ave,Bardstown,KY,40004-2508,502-331-8804
"NORTHEAST ALABAMA HEALTH SERVICES, INC. - SKYLINE","CUMBERLAND FAMILY MEDICAL CENTER, INC.",1000 Templin Ave,Bardstown,KY,40004-2568,502-331-8810
SICHC Marengo,COMMUNITY HEALTH & EMERGENCY SERVICES INC,1340 Cedar Court,Carbondale,IL,62901-5334,618-457-7821
Pike County Family Health Center,"CUMBERLAND FAMILY MEDICAL CENTER, INC.",200 Corporate Dr,Lebanon,KY,40033-1708,270-692-3441
Marion County High Healthy Kids Clinic,NORTHEAST ALABAMA HEALTH SERVICES,21680 Al Highway 79,Scottsboro,AL,35768-5904,256-587-3050
Glasscock Healthy Kids Clinic,"SOUTHERN INDIANA COMMUNITY HEALTH CARE, INC",5604 E White Oak Ln,Marengo,IN,47140-8413,812-365-3221
STANTON HEALTH CENTER,GOOD SAMARITAN FAMILY HEALTH CENTER INC,611 East Main Street,Petersburg,IN,47657-1267,812-494-7500
Monticello Medical Pharmacy,"CUMBERLAND FAMILY MEDICAL CENTER, INC.",735 E Main St,Lebanon,KY,40033-1701,270-692-6066
Monticello Medical Associates,"CUMBERLAND FAMILY MEDICAL CENTER, INC.",773 E Main St,Lebanon,KY,40033-1701,270-692-3223
Wayne County Healthy Kids Clinic Annex,HARDEMAN COUNTY COMMUNITY HEALTH CENTER,17 1st St E,Stanton,TN,38069-4426,731-548-2232
Walker Healthy Kids Clinic,"MONTICELLO MEDICAL ASSOCIATES, INC.",1 South Creek Drive STE 122,Monticello,KY,42633,606-348-3365
Wayne County High Healthy Kids Clinic,"MONTICELLO MEDICAL ASSOCIATES, INC.",1 S Creek Dr Ste 102,Monticello,KY,42633-9472,606-348-3365
Promise Community Health Care-Monticello,"CUMBERLAND FAMILY MEDICAL CENTER, INC.",676 Worsham Ln,Monticello,KY,42633-1067,606-348-8484
Wayne County Middle Healthy Kids Clinic,"CUMBERLAND FAMILY MEDICAL CENTER, INC.",1080 S Main St,Monticello,KY,42633-2762,606-348-4251
Bell Healthy Kids Clinic,"CUMBERLAND FAMILY MEDICAL CENTER, INC.",2 Kenny Davis Blvd,Monticello,KY,42633-9479,606-348-5575
Park DuValle at Pleasure Ridge Park Health Center,"CUMBERLAND FAMILY MEDICAL CENTER, INC.",1025 S Main St,Monticello,KY,42633-2762,606-340-8870
Monticello Healthy Kids Clinic,"CUMBERLAND FAMILY MEDICAL CENTER, INC.",95 Champion Dr,Monticello,KY,42633-5364,606-348-6691
Tishomingo Health Care Associates,"CUMBERLAND FAMILY MEDICAL CENTER, INC.",278 Kenny Davis Blvd,Monticello,KY,42633-9479,606-348-8150
Faith Dental of Monticello,PARK DUVALLE COMMUNITY HEALTH CENTER INC,5901 Greenwood Rd,Louisville,KY,40258-2409,502-774-4401 x1720
Christopher Greater Area Rural Health Planning Corporation & Rea Clinic,"CUMBERLAND FAMILY MEDICAL CENTER, INC.",160 Cave St,Monticello,KY,42633-1412,606-348-3900
"Community Care Clinic, Inc.",NORTH MS PRIMARY HEALTH CARE INC,1310 Main St,Tishomingo,MS,38873-8410,662-471-7416
WALNUT MEDICAL CENTER,FAITH HEALTHCARE INC,1225 N Main Street,Monticello,KY,42633-1902,606-340-0740
Walnut Dental Center,Christopher Greater Area Rural Health Planning Corporation,4241 HIGHWAY 14 WEST,CHRISTOPHER,IL,62822-0155,618-724-2401
FAMILY HEALTH CENTER - FAIRDALE,FAITH HEALTHCARE INC,126 Franklin Rd,Monticello,KY,42633-2245,606-425-5768
Walnut Imaging Center,NORTH MS PRIMARY HEALTH CARE INC,531 Main St,Walnut,MS,38683-9349,662-223-4011
"Shawnee Health Care, Murphysboro",NORTH MS PRIMARY HEALTH CARE INC,521 Main St,Walnut,MS,38683-9349,662-471-9460
"Family Health Care Clinic, Inc. --Russellville","FAMILY HEALTH CENTERS, INC.",1000 Neighborhood Pl,Fairdale,KY,40118-9697,502-361-2381
Walnut Hill Healthy Kids Clinic,NORTH MS PRIMARY HEALTH CARE INC,71 Mitchell Ave,Walnut,MS,38683,662-471-9461
Fairfield Community Health Center,SHAWNEE HEALTH SERVICE AND DEVELOPMENT CORPORATION,7 S Hospital Dr,Murphysboro,IL,62966-3333,618-519-9200
Washington County Elementary Healthy Kids Clinic,"Family Health Care Clinic, Inc.",318 Coffee Avenue,Russellville,AL,35653-0000,800-508-7481
Washington County Middle Healthy Kids Clinic,"CUMBERLAND FAMILY MEDICAL CENTER, INC.",2834 S US 127,Liberty,KY,42539-8350,606-787-0045
Washington County High Healthy Kids Clinic,Christopher Greater Area Rural Health Planning Corporation,1007 W Main St,Fairfield,IL,62837-2308,618-842-4470
Family Health Centers - Iroquois High School SBS,"CUMBERLAND FAMILY MEDICAL CENTER, INC.",601 Lincoln Park Rd,Springfield,KY,40069-1501,859-336-5490
The Wellness Center @ Hazelwood Elementary,"CUMBERLAND FAMILY MEDICAL CENTER, INC.",603 Lincoln Park Rd,Springfield,KY,40069-1501,859-336-5483
Family Health Centers - Iroquois Pharmacy and Immediate Care,"CUMBERLAND FAMILY MEDICAL CENTER, INC.",300 W US Highway 150 Byp,Springfield,KY,40069-8460,859-336-5475
FAMILY HEALTH CENTER - IROQUOIS,"FAMILY HEALTH CENTERS, INC.",4615 Taylor Blvd,Louisville,KY,40215-2307,502-774-8631
Liberty Healthy Kids Clinic,SHAWNEE CHRISTIAN HEALTHCARE CENTER INC,1325 Bluegrass Ave,Louisville,KY,40215-1201,502-341-1640
Casey Family Medical Center,"FAMILY HEALTH CENTERS, INC.",4112 Taylor Boulevard,Louisville,KY,40215,502-366-4747
Family Health Center - Americana Annex,"FAMILY HEALTH CENTERS, INC.",4100 Taylor Blvd,Louisville,KY,40215-2342,502-366-4747
FAMILY HEALTH CENTER - AMERICANA,"CUMBERLAND FAMILY MEDICAL CENTER, INC.",75 College St,Liberty,KY,42539-3271,606-787-6961
"Northeast Alabama Health Services, Inc. - Woodville","CUMBERLAND FAMILY MEDICAL CENTER, INC.",428 Hustonville St,Liberty,KY,42539-3140,270-858-6655
Sesser Community Health Center,"FAMILY HEALTH CENTERS, INC.",4803 Southside Dr,Louisville,KY,40214-2111,502-772-8660
The Wellness Center @ Duvalle Education Center,"FAMILY HEALTH CENTERS, INC.",4805 Southside Dr,Louisville,KY,40214,502-774-8631
"Park DuValle Community Health Center, Inc.",NORTHEAST ALABAMA HEALTH SERVICES,13624 County Road 8,Woodville,AL,35776-6162,256-776-5615
Park DuValle Mobile Dentistry Van,Christopher Greater Area Rural Health Planning Corporation,6294 State Highway 154,Sesser,IL,62884,618-625-6679
Casey County Middle Healthy Kids Clinic,SHAWNEE CHRISTIAN HEALTHCARE CENTER INC,3610 Bohne Ave,Louisville,KY,40211-2376,502-485-3558
Casey County High Healthy Kids Clinic,PARK DUVALLE COMMUNITY HEALTH CENTER INC,3015 Wilson Ave,Louisville,KY,40211-1969,502-774-4401
The Wellness Center @ McFerran Elementary,PARK DUVALLE COMMUNITY HEALTH CENTER INC,3015 Wilson Ave,Louisville,KY,40211-1969,502-916-7091
The Wellness Center @ Maupin Elementary,"CUMBERLAND FAMILY MEDICAL CENTER, INC.",1673 E. KY 70,Liberty,KY,42539-6716,606-787-6769
Rea Clinic - Du Quoin,"CUMBERLAND FAMILY MEDICAL CENTER, INC.",1841 E. KY 70,Liberty,KY,42539-6718,606-787-8654
The Wellness Center @ Young Elementary,SHAWNEE CHRISTIAN HEALTHCARE CENTER INC,1900 S 7th St,Louisville,KY,40208-1606,502-485-8297
The Wellness Center @ Shawnee,SHAWNEE CHRISTIAN HEALTHCARE CENTER INC,1312 Catalpa St,Louisville,KY,40211-1731,502-632-1765
Booneville Community Health Center,Christopher Greater Area Rural Health Planning Corporation,1564 S Washington St,Du Quoin,IL,62832-3849,618-542-8702
"Shawnee Christian Healthcare Center, Inc.",SHAWNEE CHRISTIAN HEALTHCARE CENTER INC,3526 W Muhammad Ali Blvd,Louisville,KY,40212-2426,502-485-8354
Shawnee Christian Health Center Mobile,SHAWNEE CHRISTIAN HEALTHCARE CENTER INC,4001 HERMAN ST,LOUISVILLE,KY,40212-2588,502-341-4276
SCHC Dental Clinic,NORTH MS PRIMARY HEALTH CARE INC,208 N    1st St,Booneville,MS,38829-2718,662-728-3313
The Wellness Center @ Perry Elementary,SHAWNEE CHRISTIAN HEALTHCARE CENTER INC,234 Amy Ave.,Louisville,KY,40212-2522,502-778-0001
The Wellness Center @ Byck Elementary,SHAWNEE CHRISTIAN HEALTHCARE CENTER INC,234 Amy Ave,Louisville,KY,40212-2522,502-778-0001
The Russell Neighborhood Health Center,SHAWNEE CHRISTIAN HEALTHCARE CENTER INC,222 Amy Ave,Louisville,KY,40212-2522,502-774-2400
CRHPC Comprehensive Behavioral Health Center,SHAWNEE CHRISTIAN HEALTHCARE CENTER INC,755 Dixie Hwy,Louisville,KY,40210,502-778-0001
Family Health Centers - West Market,SHAWNEE CHRISTIAN HEALTHCARE CENTER INC,2328 Cedar St,Louisville,KY,40212-1625,502-485-8221
The Wellness Center @ Atkinson Elementary,PARK DUVALLE COMMUNITY HEALTH CENTER INC,1425 West Broadway,Louisville,KY,40203-2059,502-584-2992
SICHC West Baden,Christopher Greater Area Rural Health Planning Corporation,119 Gas Plant Rd,Du Quoin,IL,62832-3866,618-790-2146
Floyd Central Student Health Center,"FAMILY HEALTH CENTERS, INC.",2500 W Market St,Louisville,KY,40212-1541,502-778-8400
Park DuValle at Central Health Center,SHAWNEE CHRISTIAN HEALTHCARE CENTER INC,2811 Duncan St,Louisville,KY,40212-1825,502-632-1764
The Wellness Center @ Dawson Orman,"SOUTHERN INDIANA COMMUNITY HEALTH CARE, INC",8163 W State Road 56 Ste A,West Baden Springs,IN,47469-7706,812-723-7125
Southeast Health on Wheels,LIFESPRING INC,6575 Old Vincennes Rd RM E108,Floyds Knobs,IN,47119,812-981-7452
Rhea County Primary Care Center,PARK DUVALLE COMMUNITY HEALTH CENTER INC,1130 W Chestnut St,Louisville,KY,40203-2047,502-774-4401 x1820
"Family Health Centers, Inc. - Wayside Hotel Louisville",SHAWNEE CHRISTIAN HEALTHCARE CENTER INC,900 S Floyd St,Louisville,KY,40203-2331,502-485-7008
Nancy Family Care,SOUTHEAST MISSOURI HEALTH NETWORK,700 N Douglass St,Malden,MO,63863-1510,573-748-2404
Bernie Medical and Dental Center,OCOEE REGIONAL HEALTH CORP,8850 Rhea County Hwy,Dayton,TN,37321-7932,423-775-1160
Mobile Medical Unit - HCH Project,"FAMILY HEALTH CENTERS, INC.",120 W Broadway,Louisville,KY,40202-2110,502-772-8662
"FAMILY HEALTH CENTERS, INC. - FAMILY HEALTH CENTER - PORTLAND",FAITH HEALTHCARE INC,9919 W Highway 80,Nancy,KY,42544-9003,606-288-0019
Metro Mobile Unit,SOUTHEAST MISSOURI HEALTH NETWORK,741 S Walnut St,Bernie,MO,63822-8900,573-293-6836
Family Health Center-East Broadway,"FAMILY HEALTH CENTERS, INC.",2215 Portland Ave,Louisville,KY,40212-1033,502-772-8558
Buechel/Newburg Community Health Center,"FAMILY HEALTH CENTERS, INC.",2215 Portland Ave,Louisville,KY,40212-1033,502-774-8631
Family Health Centers of Southern Indiana Floyd County,LIFESPRING INC,618 E Market St,New Albany,IN,47150-2914,812-280-2080
"NORTHEAST ALABAMA HEALTH SERVICES, INC. - SCOTTSBORO","FAMILY HEALTH CENTERS, INC.",834 East Broadway  FL 1 - 4,LOUISVILLE,KY,40204-1072,502-583-1981
Lincoln High School,PARK DUVALLE COMMUNITY HEALTH CENTER INC,3828 Bardstown Road,Louisville,KY,40218-1527,502-774-4401 x4000
PHOENIX HEALTH CENTER FOR THE HOMELESS,FAMILY HEALTH CENTER CLARK COU,1000 E Spring St,New Albany,IN,47150-2943,812-941-1701
Daviess County Family Health Center,NORTHEAST ALABAMA HEALTH SERVICES,70 Freedom Ln,Scottsboro,AL,35769-3763,256-574-5508
Washington High School,GOOD SAMARITAN FAMILY HEALTH CENTER INC,1545 Hart St  FL 1,Vincennes,IN,47591,812-882-8480
Washington Junior High School,"FAMILY HEALTH CENTERS, INC.",712 E Muhammad Ali Blvd,Louisville,KY,40202-1643,502-568-6972
New Albany Student Health Center,GOOD SAMARITAN FAMILY HEALTH CENTER INC,2007 South State Street,Washington,IN,47501-8505,812-494-7500
New Albany Senior High School,GOOD SAMARITAN FAMILY HEALTH CENTER INC,608 E Walnut St  FL 1,Washington,IN,47501-2812,812-254-3860
Willows Family Health Center,GOOD SAMARITAN FAMILY HEALTH CENTER INC,210 NE 6th St  FL 1,Washington,IN,47501-2808,812-254-2682
Jones Park Healthy Kids Clinic,LIFESPRING INC,1020 Vincennes St,New Albany,IN,47150-3148,812-280-2080
SICHC Paoli,LIFESPRING INC,1020 Vincennes St,New Albany,IN,47150-3148,812-280-6606
Vigo Elementary,GOOD SAMARITAN FAMILY HEALTH CENTER INC,1901 Willow St,Vincennes,IN,47591-4277,812-494-7500
Clark Middle School,"CUMBERLAND FAMILY MEDICAL CENTER, INC.",6295 E Ky 70,Liberty,KY,42539-6762,606-787-1217
LifeSpring Adult Integrated Medical Services,CROSS TRAILS MEDICAL CENTER,106 NORTH OAK STREET,ADVANCE,MO,63730,573-722-3034
LifeSpring Inc.,CROSS TRAILS MEDICAL CENTER,307 Gabriel Street,Advance,MO,63730,573-722-3034
Franklin Elementary,"SOUTHERN INDIANA COMMUNITY HEALTH CARE, INC",420 W Longest St,Paoli,IN,47454-8821,812-723-3944
"Family Health Center of Clark County, Inc. DBA Family Health Centers of Southern Indiana",GOOD SAMARITAN FAMILY HEALTH CENTER INC,1513 Main St  FL 3,Vincennes,IN,47591-6238,812-882-5817
Mobile Dental Unit,GOOD SAMARITAN FAMILY HEALTH CENTER INC,1926 Bauer Dr  RM 412,Vincennes,IN,47591,812-882-5172
"NORTHEAST ALABAMA HEALTH SERVICES, INC. - NORTH SAND MOUNTAIN",LIFESPRING INC,404 Spring St,Jeffersonville,IN,47130-3452,812-280-2080
Healthy Partners,LIFESPRING INC,460 SPRING ST,JEFFERSONVILLE,IN,47130-3452,812-280-2080
Bayou Family Health Center,GOOD SAMARITAN FAMILY HEALTH CENTER INC,2600 Wabash Ave  RM 214,Vincennes,IN,47591-6413,812-882-8176
New Albany Community Medical Services,FAMILY HEALTH CENTER CLARK COU,1319 Duncan Avenue,Jeffersonville,IN,47130-3720,
Riley Elementary,FAMILY HEALTH CENTER CLARK COU,1319 Duncan Ave,Jeffersonville,IN,47130-3759,812-283-2308
Salvation Army Family Shelter Clinic (for women and children),NORTHEAST ALABAMA HEALTH SERVICES,29810 Al Highway 71,Bryant,AL,35958-5240,256-597-4114
Eskenazi Health Center Barton Annex,"EAST ARKANSAS FAMILY HEALTH CENTER, INC.",605 N 2nd St,Blytheville,AR,72315-2034,870-532-6001
Raphael Health Center - Salvation Army,GOOD SAMARITAN FAMILY HEALTH CENTER INC,515 Bayou St,Vincennes,IN,47591-1034,812-494-7500
Aspire Indiana Health - New Acess Point - MACY,LIFESPRING INC,2604 Charlestown Road,New Albany,IN,47150-2529,812-280-2080
Aspire Indiana Health - Progress House,GOOD SAMARITAN FAMILY HEALTH CENTER INC,1008 Upper 11th St  RM 25,Vincennes,IN,47591-3200,812-882-7953
Eskenazi Health Center Pedigo,"Health Net, Inc.",540 N Alabama St,Indianapolis,IN,46204-1536,317-637-5551
Washington Irving School 14 - Urban Act Academy,THE HEALTH & HOSPITAL CORPORATION OF MARION COUNTY,501 N EAST ST,INDIANAPOLIS,IN,46204-1632,317-880-5175
Damien Center - Mosaic,"RAPHAEL HEALTH CENTER, INC.",711 E Washington St,Indianapolis,IN,46202-3915,317-638-6585
Crispus Attucks Clinic,ASPIRE INDIANA HEALTH INC,201 Shelby St,Indianapolis,IN,46202-3943,888-736-6138
The Damien Center,ASPIRE INDIANA HEALTH INC,201 Shelby Street  RM 101 &amp; 103,Indianapolis,IN,46202-3943,887-574-1254
Southeast Health Center,THE HEALTH & HOSPITAL CORPORATION OF MARION COUNTY,1112 Southeastern Ave,Indianapolis,IN,46202-3947,317-880-1900
HealthNet Homeless Initiative Program,SHALOM HEALTH CARE CENTER INC,1250 E Market St,Indianapolis,IN,46202-3831,317-226-4214
Tech Teen Clinic,THE DAMIEN CENTER INC,1420 E Washington St,Indianapolis,IN,46201-3847,317-632-0123
Dayspring Center Clinic,"Health Net, Inc.",1140 Dr Martin Luther King Jr St Rm 615,Indianapolis,IN,46202-2221,317-957-2070
Eskenazi Health Center North Illinois Street,THE DAMIEN CENTER INC,26 N Arsenal Ave,Indianapolis,IN,46201-3808,317-632-0123
Eskenazi Health Center Primary Care,"Health Net, Inc.",901 Shelby St,Indianapolis,IN,46203-1151,317-957-2400
H.L. Harshman Middle School - SBC,"Health Net, Inc.",901 Shelby St.  STE 301,Indianapolis,IN,46203,317-957-2275
William McKinley School 39,"Health Net, Inc.",1500 E Michigan St,Indianapolis,IN,46201-3079,317-693-5420
Eskenazi Health Center College Avenue,"Health Net, Inc.",1537 Central Ave,Indianapolis,IN,46202-2606,317-635-6780
IPS 31 School Base Clinic - James A. Garfield,THE HEALTH & HOSPITAL CORPORATION OF MARION COUNTY,1660 N Illinois St,Indianapolis,IN,46202,317-880-2900
HealthNet Downtown Health Center,THE HEALTH & HOSPITAL CORPORATION OF MARION COUNTY,"720 Eskenazi Avenue, Second Floor",Indianapolis,IN,46202,317-880-7000
Thomas D. Gregg School 15,SHALOM HEALTH CARE CENTER INC,1501 E 10th St,Indianapolis,IN,46201-1909,317-226-4101
"Outreach, Inc. Clinic",SHALOM HEALTH CARE CENTER INC,1733 Spann Ave Rm 404,Indianapolis,IN,46203-1375,317-226-4239
Interfaith Hospitality Network,THE HEALTH & HOSPITAL CORPORATION OF MARION COUNTY,1650 N College Ave Ste B,Indianapolis,IN,46202-1715,317-880-0888
Peoples Health Center,SHALOM HEALTH CARE CENTER INC,307 Lincoln St Ste 100,Indianapolis,IN,46225-1819,317-226-4231
Southwest Health Center,"Health Net, Inc.",1801 Senate Blvd Ste 310,Indianapolis,IN,46202-1196,317-957-2229
George Washington High School - SBC,SHALOM HEALTH CARE CENTER INC,2302 E Michigan St Rm 404,Indianapolis,IN,46201-3112,317-226-4615
IPS School 46 - Daniel Webster,"Health Net, Inc.",2416 E New York St,Indianapolis,IN,46201-3232,317-951-8886
Global Preparatory Academy - Charter School,"Health Net, Inc.",1850 N ARSENAL AVE,INDIANAPOLIS,IN,46218-4237,317-261-1562
Matchbook Learning at No 63,"Health Net, Inc.",2340 E   10th St,Indianapolis,IN,46201-2008,317-957-2200
Wheeler Shelter for Women and Children Clinic,"Health Net, Inc.",1522 W Morris St,Indianapolis,IN,46221-1629,317-957-2500
IPS 54 School Based Clinic - Brookside Academy,SHALOM HEALTH CARE CENTER INC,2215 W Washington St,Indianapolis,IN,46222-4279,317-693-5555
IPS School 34 - Eleanor Skillen,SHALOM HEALTH CARE CENTER INC,1450 S Reisner St Ste 100,Indianapolis,IN,46221-1637,317-226-4246
Eskenazi Health Center Westside,SHALOM HEALTH CARE CENTER INC,2033 Sugar Grove Ave Rm 140,Indianapolis,IN,46202-1134,317-226-4266
Adult and Child Health - Garfield Park,SHALOM HEALTH CARE CENTER INC,1163 N Belmont Ave  RM 100,Indianapolis,IN,46222-3144,317-226-4263
Holy Family Shelter Clinic,"Health Net, Inc.",3208 E Michigan St,Indianapolis,IN,46201-3318,317-687-3630
Eskenazi Health Center Blackburn,SHALOM HEALTH CARE CENTER INC,3150 E 10th St Ste 100,Indianapolis,IN,46201-2404,317-229-4254
Adult and Child at KIPP Indy,SHALOM HEALTH CARE CENTER INC,1404 Wade St Rm 129,Indianapolis,IN,46203-4340,317-226-4876
Martindale Brightwood Health Center,THE HEALTH & HOSPITAL CORPORATION OF MARION COUNTY,2732 W. Michigan St.,Indianapolis,IN,46222-3750,317-554-4600
Barrington Health Center,ADULT & CHILD MENTAL HEALTH CENTER INC,234 E Southern Ave,Indianapolis,IN,46225-2121,317-882-5122
HealthNet Administration/HealthNet Specialty Care at Barrington,"Health Net, Inc.",907 N HOLMES AVE,INDIANAPOLIS,IN,46222-3714,317-923-5750
Ralph Waldo Emerson IPS School 58,THE HEALTH & HOSPITAL CORPORATION OF MARION COUNTY,2700 Mlk Jr St,Indianapolis,IN,46208-5019,317-931-4300
RAPHAEL HEALTH CENTER,ADULT & CHILD MENTAL HEALTH CENTER INC,1740 E 30th St,Indianapolis,IN,46218-2605,877-882-5122
Eskenazi Health Center Herron-Riverside High School,"Health Net, Inc.",2855 N Keystone Ave STE 100,Indianapolis,IN,46218-2790,317-957-2300
IPS Short Ridge High School,"Health Net, Inc.",3401 E Raymond St,Indianapolis,IN,46203-4744,317-957-2100
Path School (67),"Health Net, Inc.",3403 E Raymond St,Indianapolis,IN,46203-4744,317-957-2000
Salvation Army Harbor Light Center Clinic,SHALOM HEALTH CARE CENTER INC,321 N Linwood Ave,Indianapolis,IN,46201-3641,317-226-4258
IPS School 43 - James Whitcomb Riley,"RAPHAEL HEALTH CENTER, INC.",401 E   34th St,Indianapolis,IN,46205-3754,317-926-1507
Jane Pauley Community Health Center at 16th Street,THE HEALTH & HOSPITAL CORPORATION OF MARION COUNTY,3010 N White River Parkway East Dr,Indianapolis,IN,46208-4983,317-880-3535
Northeast Health Center,SHALOM HEALTH CARE CENTER INC,3401 N Meridian Street,Indianapolis,IN,46208-4436,317-226-2810
Adult and Child Health Irvington Location,SHALOM HEALTH CARE CENTER INC,653 N Somerset Ave,Indianapolis,IN,46222-3327,317-226-4267
IPS School 88 - Anna Brochhausen,"Health Net, Inc.",2400 N Tibbs Ave,Indianapolis,IN,46222-2458,317-972-1450
Adult and Child at Center for Inquiry School 70,SHALOM HEALTH CARE CENTER INC,150 W 40th St Rm 336,Indianapolis,IN,46208-3956,317-226-4243
Fisher Elementary School,"Jane Pauley Community Health Center, Inc.",5317 E 16TH ST,INDIANAPOLIS,IN,46218-4897,844-695-7242
FARRINGTON MIDDLE SCHOOL,"Health Net, Inc.",3908 Meadows Dr,Indianapolis,IN,46205-3114,317-957-2150
Jane Pauley Community Health Center at Arlington,ADULT & CHILD MENTAL HEALTH CENTER INC,5839 E Washington St,Indianapolis,IN,46219-6560,317-882-5122
SHALOM PRIMARY CARE CENTER,SHALOM HEALTH CARE CENTER INC,5801 E 16th St Rm 413,Indianapolis,IN,46218-5101,317-229-4288
Shalom Health Care Center PHC Mobile Clinic,ADULT & CHILD MENTAL HEALTH CENTER INC,510 E 46th St,Indianapolis,IN,46205-1817,877-882-5122
Allison Elementary School,SHALOM HEALTH CARE CENTER INC,5151 W   14th St,Indianapolis,IN,46224-6410,317-241-6543
Sankofa at Arlington Woods#99,SHALOM HEALTH CARE CENTER INC,4326 PATRICIA ST,INDIANAPOLIS,IN,46222-1543,317-226-4194
Aspire Indiana Health - Willowbrook,"Jane Pauley Community Health Center, Inc.",1315 N Arlington Ave,Indianapolis,IN,46219-3278,844-695-7242
Meridian Health Services Corp,SHALOM HEALTH CARE CENTER INC,3400 Lafayette Rd,Indianapolis,IN,46222-1146,317-291-7422
Newby Elementary School,SHALOM HEALTH CARE CENTER INC,3400 LAFAYETTE RD STE 200,INDIANAPOLIS,IN,46222-1147,317-291-7422
Indiana Math and Science Academy West,SHALOM HEALTH CARE CENTER INC,5240 W   22nd St,Indianapolis,IN,46224-5021,317-244-9836
IPS School 79 - Carl Wilde,SHALOM HEALTH CARE CENTER INC,5801 E 30th St Rm 104,Indianapolis,IN,46218-3315,317-226-4299
Adult and Child at Burkhart Elementary,ASPIRE INDIANA HEALTH INC,2506 Willowbrook Pkwy,Indianapolis,IN,46205-1564,877-574-1254
Windrose Health Network - Epler Parke,MERIDIAN HEALTH SERVICES CORP.,4755 Kingsway Dr Ste 105A,Indianapolis,IN,46205-1549,317-803-2270
Epler Parke BH Services,SHALOM HEALTH CARE CENTER INC,1849 N Whitcomb Ave,Indianapolis,IN,46224-5538,317-241-0572
HealthNet Healthy Families,SHALOM HEALTH CARE CENTER INC,4575 W 38TH ST,INDIANAPOLIS,IN,46254-3313,317-298-0025
Wheeler Elementary School,SHALOM HEALTH CARE CENTER INC,5002 W 34th St Rm 604,Indianapolis,IN,46224-1519,317-226-4279
Adult and Child at Center for Inquiry School 84,ADULT & CHILD MENTAL HEALTH CENTER INC,5701 Brill Rd,Indianapolis,IN,46227-1908,877-882-5122
Jane Pauley Community Health Center at Shadeland,"WINDROSE HEALTH NETWORK, INC.",5550 S East St,Indianapolis,IN,46227-1979,317-534-4660
Adult and Child Suite 15 at Jeremiah Gray Elementary,"WINDROSE HEALTH NETWORK, INC.",5550 S. East Street  STE A1,Indianapolis,IN,46227-1991,317-534-4660
HealthNet Speedway Health & Dental Center,"Health Net, Inc.",6029 W   10th St,Indianapolis,IN,46224-6115,317-957-2550
HealthNet Mobile Health Center,SHALOM HEALTH CARE CENTER INC,5700 Meadowood Dr.,Speedway,IN,46224-3245,317-291-4274
Eskenazi Health Center Northwest Middle School,ADULT & CHILD MENTAL HEALTH CENTER INC,440 E 57th St,Indianapolis,IN,46220-2518,877-882-5122
Eskenazi Health Center Grande,"Jane Pauley Community Health Center, Inc.",2040 N Shadeland Ave STE 300,Indianapolis,IN,46219-1712,844-695-7242
Eskenazi Health Center West 38th Street,ADULT & CHILD MENTAL HEALTH CENTER INC,5225 Gray Rd,Indianapolis,IN,46237-1816,877-882-5122
Adult and Child at Meredith Nicholson School 96,"Health Net, Inc.",6020 Crawfordsville Rd Ste 102,Indianapolis,IN,46224-3710,317-957-2070
IPS School 107 - Lew Wallace,"Health Net, Inc.",6425 Olivia Ln Unit 409,Indianapolis,IN,46226-6157,317-957-2000
Enlace Academy,THE HEALTH & HOSPITAL CORPORATION OF MARION COUNTY,5525 W 34th St,Indianapolis,IN,46224-1301,317-880-3535
Jane Pauley Community Health Center at Washington Street,THE HEALTH & HOSPITAL CORPORATION OF MARION COUNTY,6002 East 38th St,Indianapolis,IN,46226-5614,317-880-6002
Adult and Child at Southport Elementary,THE HEALTH & HOSPITAL CORPORATION OF MARION COUNTY,5515 W 38TH ST,INDIANAPOLIS,IN,46254-2919,317-880-3838
Adult and Child at Circle City Prep,ADULT & CHILD MENTAL HEALTH CENTER INC,3651 N Kiel Ave,Indianapolis,IN,46224-1226,877-882-5122
Adult and Child at MacArthur Elementary,SHALOM HEALTH CARE CENTER INC,3307 Ashway. DD  Rm 404,Indianapolis,IN,46224-2120,317-226-4107
Shalom 56th Street - New Access Point,SHALOM HEALTH CARE CENTER INC,3725 Kiel Avenue. 2nd floor,Indianapolis,IN,46224,317-226-4108
Adult and Child at Thompson Crossing Elementary,"Jane Pauley Community Health Center, Inc.","7910 E Washington St, Ste 300",Indianapolis,IN,46219-5564,844-695-7242
Jane Pauley Community Health Center at Post,ADULT & CHILD MENTAL HEALTH CENTER INC,261 Anniston Dr,Indianapolis,IN,46227-5522,877-882-5122
Eskenazi Health Center Pecar,ADULT & CHILD MENTAL HEALTH CENTER INC,4002 N Franklin Rd,Indianapolis,IN,46226-5297,877-882-5122
Charles W. Fairbanks IPS School 105,ADULT & CHILD MENTAL HEALTH CENTER INC,454 E Stop 11 Rd,Indianapolis,IN,46227-2560,877-882-5122
Indiana Math and Science Academy North,SHALOM HEALTH CARE CENTER INC,5750 W 56th St,Indianapolis,IN,46254-1695,317-291-7422
Adult and Child Health - Greenwood,ADULT & CHILD MENTAL HEALTH CENTER INC,7525 E Thompson Rd,Indianapolis,IN,46239-9127,877-882-5122
Adult and Child -Siear Terrace,"Jane Pauley Community Health Center, Inc.",8931 E   30th St,Indianapolis,IN,46219-1501,844-695-7242
Adult and Child at Winchester Village Elementary,THE HEALTH & HOSPITAL CORPORATION OF MARION COUNTY,6940 Michigan Rd,Indianapolis,IN,46268-2800,317-266-2901
Eskenazi Health Center Grassy Creek,SHALOM HEALTH CARE CENTER INC,8620 Montery Rd,Indianapolis,IN,46226-5470,317-226-4105
"Damar Services, Inc- Damar Health Services",SHALOM HEALTH CARE CENTER INC,7435 N KEYSTONE AVE,INDIANAPOLIS,IN,46240-4367,317-259-7363
Jane Pauley Community Health Center at County Line Road Greenwood,ADULT & CHILD MENTAL HEALTH CENTER INC,8320 Madison Ave,Indianapolis,IN,46227-6066,317-882-5122
Adult and Child at Franklin Central High School,ADULT & CHILD MENTAL HEALTH CENTER INC,"8404 Siear Ter, Ste 100",Indianapolis,IN,46227-7201,877-882-5122
Adult and Child at Kitley Intermediate,ADULT & CHILD MENTAL HEALTH CENTER INC,1900 E Stop 12 Rd,Indianapolis,IN,46227-6232,877-882-5122
Jane Pauley Community Health Center at Castleton,MERIDIAN HEALTH SERVICES CORP.,5230 E Stop 11 Road  STE 300,Indianapolis,IN,46237-6398,765-288-1982
Adult and Child at Adams Elementary,THE HEALTH & HOSPITAL CORPORATION OF MARION COUNTY,9443 E. 38th St.,Indianapolis,IN,46235-2132,317-890-2100
Adult and Child at South Creek Elementary,DAMAR SERVICES INC,5715 Decatur Blvd,Indianapolis,IN,46241-9561,317-455-2366
Dr. Arthur Galstian - Shalom OBGYN Practice,"Jane Pauley Community Health Center, Inc.",333 E County Line Rd,Greenwood,IN,46143-1079,844-695-7242
Adult and Child at Franklin Central Junior High,ADULT & CHILD MENTAL HEALTH CENTER INC,6215 S Franklin Rd,Indianapolis,IN,46259-9600,877-882-5122
Adult and Child at Ray Crowe Elementary,ADULT & CHILD MENTAL HEALTH CENTER INC,8735 Indian Creek Rd S,Indianapolis,IN,46259-1330,877-882-5122
Aspire Indiana Health - Carmel,"Jane Pauley Community Health Center, Inc.",7481 N Shadeland Ave Ste A,Indianapolis,IN,46250-2077,844-695-7242
Adult and Child Health - Northwood Plaza,ADULT & CHILD MENTAL HEALTH CENTER INC,7341 E Stop 11 Rd,Indianapolis,IN,46259-7709,877-882-5122
Adult and Child at Creekside Elementary,ADULT & CHILD MENTAL HEALTH CENTER INC,9010 E Southport Rd,Indianapolis,IN,46259-9813,877-882-5122
Jane Pauley Community Health Center at Greenfield,SHALOM HEALTH CARE CENTER INC,9240 N Meridian  STE 180,Indianapolis,IN,46260,317-582-1100
Windrose Health Network - Franklin,ADULT & CHILD MENTAL HEALTH CENTER INC,10440 Indian Creek Rd S,Indianapolis,IN,46259-1451,877-882-5122
Aspire Indiana Health - Noblesville,ADULT & CHILD MENTAL HEALTH CENTER INC,1300 Ray Crowe Way,Greenwood,IN,46143,877-882-5122
IHC Hamilton County WIC,ASPIRE INDIANA HEALTH INC,697 Pro-Med Ln,Carmel,IN,46032-5323,877-574-1254
Adult and Child at Monrovia High School,MERIDIAN HEALTH SERVICES CORP.,"1001 Hadley Rd, Ste 103",Mooresville,IN,46158-1884,765-288-1928
Adult and Child at Monrovia Middle School,ADULT & CHILD MENTAL HEALTH CENTER INC,1860 Northwood Plz,Franklin,IN,46131-1037,317-882-5122
Windrose Health Network - Trafalgar,ADULT & CHILD MENTAL HEALTH CENTER INC,700 E State Road 44,Franklin,IN,46131,877-882-5122
Boone County Community Clinic,"Jane Pauley Community Health Center, Inc.",1107 N STATE ST,GREENFIELD,IN,46140-1207,844-695-7242
Aspire Indiana Health - Lebanon,"WINDROSE HEALTH NETWORK, INC.",55 N. Milford Drive,Franklin,IN,46131-7308,317-739-4848
Jane Pauley Community Health Center at Shelbyville,ASPIRE INDIANA HEALTH INC,17840 Cumberland Rd,Noblesville,IN,46060-5409,877-574-1254
Aspire Indiana Health - May House,INDIANA HEALTH CENTERS INCORPORATED,942 N   10th St,Noblesville,IN,46060-1801,317-776-3445
Aspire Indiana Health - Mockingbird Hill,ADULT & CHILD MENTAL HEALTH CENTER INC,205 S Chestnut St,Monrovia,IN,46157-1025,317-996-2258
Aspire Indiana Health - Hoak,ADULT & CHILD MENTAL HEALTH CENTER INC,215 S Chestnut St,Monrovia,IN,46157-1025,877-882-5122
Open Door Health Services - Anderson Primary Care,"WINDROSE HEALTH NETWORK, INC.",14 Trafalgar Sq,Trafalgar,IN,46181-9515,317-412-9190
Aspire Indiana Health - DeHaven,RIGGS COMMUNITY HEALTH CENTER INC,416 W Camp St,Lebanon,IN,46052-1799,765-483-4469
Aspire Indiana Health - Mobile Clinic,ASPIRE INDIANA HEALTH INC,1600 West Main St,Lebanon,IN,46052,877-574-1254
Jane Pauley Community Health Center at the Wigwam,"Jane Pauley Community Health Center, Inc.","1818 E. State Road 44, Suite B",Shelbyville,IN,46176-1814,463-232-3088
Jane Pauley Community Health Center at 1629 Anderson,ASPIRE INDIANA HEALTH INC,6775 W State Road 32,Anderson,IN,46011-8765,877-574-1254
Jane Pauley Community Health Center at 1210B Anderson,ASPIRE INDIANA HEALTH INC,4038 Ridgeview Court  STE 1,Anderson,IN,46013-2307,877-574-1254
IHC Tipton County WIC,MERIDIAN HEALTH SERVICES CORP.,2010 Brentwood Dr Ste 1,Anderson,IN,46011-4042,765-393-0063
Grace Clinic - Putnam County,MERIDIAN HEALTH SERVICES CORP.,101 W 29th St,Anderson,IN,46016-5209,765-288-1928
Riggs Community Health Center,ASPIRE INDIANA HEALTH INC,2009 Brown St,Anderson,IN,46016-4216,765-608-6600
Windrose Health Network - Hope,"OPEN DOOR HEALTH SERVICES, INC.",2101 Jackson St Ste 8,Anderson,IN,46016-4341,765-286-7000
Meridian Health Services,ASPIRE INDIANA HEALTH INC,2020 Brown St,Anderson,IN,46016-4218,877-574-1254
IHC Clinton County WIC,ASPIRE INDIANA HEALTH INC,215 W 19th St,Anderson,IN,46016-4204,877-574-1254
Centerstone Health Services - Columbus,"Jane Pauley Community Health Center, Inc.",1229 Lincoln St,Anderson,IN,46016-1693,765-253-5222
Jane Pauley Community Health Center at Alexandria-Monroe Intermediate School,MERIDIAN HEALTH SERVICES CORP.,1547 Ohio Ave,Anderson,IN,46016-1917,765-641-7499
Jane Pauley Community Health Center at Alexandria-Monroe Junior-Senior High School,"Jane Pauley Community Health Center, Inc.",1629 Medical Arts Blvd,Anderson,IN,46011-3454,844-695-7242
Jane Pauley Community Health Center at Alexandria,"Jane Pauley Community Health Center, Inc.",1210 Medical Arts Blvd Ste 300,Anderson,IN,46011-3439,765-563-2843
VPCHC - Crawfordsville,INDIANA HEALTH CENTERS INCORPORATED,"116 S. MAIN ST., STE. E",TIPTON,IN,46072-1864,765-675-8494
Monroe County Public Library Clinic,HAMILTON CENTER INC,239 Hillsdale Ave Ste A,Greencastle,IN,46135-1340,765-653-1024
Middle Way House Clinic,RIGGS COMMUNITY HEALTH CENTER INC,2121 S Gopher Dr BLDG,Frankfort,IN,46041-6800,765-742-1567
Aspire Indiana Health - Elwood,MERIDIAN HEALTH SERVICES CORP.,1518 Main St,Elwood,IN,46036-2021,765-552-0841
Centerstone Health Services,"WINDROSE HEALTH NETWORK, INC.",163 Butner Drive,Hope,IN,47246-9447,812-546-6000
Bloomington Health and Dental Center,MERIDIAN HEALTH SERVICES CORP.,509 Conrad Harcourt Way,Rushville,IN,46173-1165,765-932-3699
Wheeler Mission Center for Men Clinic,MERIDIAN HEALTH SERVICES CORP.,50 S Maish Rd,Frankfort,IN,46041-2824,765-288-1928
Jane Pauley Community Health Center at Reed Street Kokomo,MERIDIAN HEALTH SERVICES CORP.,1 South Maish Road  RM A016,Frankfort,IN,46041-2825,765-288-1928
Jane Pauley Community Health Center at LaFountain Street Kokomo,INDIANA HEALTH CENTERS INCORPORATED,2120 Washington Ave,Frankfort,IN,46041-8207,765-659-2131
IHC-Owen County,CENTERSTONE HEALTH SERVICES INC,720 N Marr Rd Ste A,Columbus,IN,47201-6660,812-339-1691
IHC at Kokomo,"Jane Pauley Community Health Center, Inc.",308 W 11th St Rm G-1,Alexandria,IN,46001-2806,844-695-7242
Bowen Health- Kokomo,"Jane Pauley Community Health Center, Inc.",1 Burden Ct Rm 16,Alexandria,IN,46001-2632,844-695-7242
Crawford Apartments Clinic,"Jane Pauley Community Health Center, Inc.",121 W Washington St,Alexandria,IN,46001-1809,844-695-7242
Open Door Pediatrics and Family Medicine,MERIDIAN HEALTH SERVICES CORP.,101 N Harrison St,Alexandria,IN,46001-2017,765-442-0570
MeridianMD,MERIDIAN HEALTH SERVICES CORP.,930 N 14th St,New Castle,IN,47362-4311,765-599-2754
IHC Howard County WIC,VALLEY PROFESSIONALS COMMUNITY HEALTH CENTER INC,1702 Lafayette Rd,Crawfordsville,IN,47933-1033,765-362-5100
Urgent Care,"Health Net, Inc.","303 East Kirkwood Ave, Room 2B",Bloomington,IN,47408-3534,812-349-3050
Adult and Child at Clear Creek Elementary,"Health Net, Inc.",338 S Washington St,Bloomington,IN,47401-3529,812-829-1660
Open Door Health Services Behavioral Health,ASPIRE INDIANA HEALTH INC,10731 SR13,Elwood,IN,46036-0000,877-574-1254
Open Door Mobile School Health #1,MERIDIAN HEALTH SERVICES CORP.,2600 County Road 600 W  RM SG-1,Russiaville,IN,46979-9052,765-288-1928
Open Door Health Services,CENTERSTONE HEALTH SERVICES INC,645 S Rogers St,Bloomington,IN,47403-2353,812-339-1691
Jane Pauley Community Health Center at Turning Point,"Health Net, Inc.",811 W 2nd St,Bloomington,IN,47403-2212,812-333-4001
Open Door Health Services YMCA,MERIDIAN HEALTH SERVICES CORP.,424 E Southway Blvd Ste 1,Kokomo,IN,46902-3814,765-865-8914
Open Door School-Based Health,"Health Net, Inc.",215 S Westplex Ave RM 3,Bloomington,IN,47404-5082,812-333-1905
Family Heath Clinic of Burlington,"Jane Pauley Community Health Center, Inc.",3611 S Reed Rd,Kokomo,IN,46902-3806,844-695-7242
Fayette County Medical Center,"Jane Pauley Community Health Center, Inc.",3510 S Lafountain St,Kokomo,IN,46902-3803,844-695-7242
Centerstone Health Services - Connersville,INDIANA HEALTH CENTERS INCORPORATED,35 Bob Babbs Dr,Spencer,IN,47460-6828,812-585-3775
Carroll Consolidated School Corporation,INDIANA HEALTH CENTERS INCORPORATED,3118 S Lafountain St,Kokomo,IN,46902-3710,765-864-4160
Carroll Elementary School,"Bowen Health, INC.","2312 S Dixon Rd, Ste 250",Kokomo,IN,46902-6426,800-342-5653
Grogan Family Medicine - Centerstone Health Services,"Health Net, Inc.","2440 South Henderson St, Rooms 122 and124",Bloomington,IN,47401-4620,812-822-3748
Carroll Jr-Sr High School,MERIDIAN HEALTH SERVICES CORP.,3620 White River Blvd,Muncie,IN,47304,765-288-1928
VPCHC - Rockville,"OPEN DOOR HEALTH SERVICES, INC.",2600 W White River Blvd,Muncie,IN,47303-5263,765-286-7000
IHC Jackson County Annex,MERIDIAN HEALTH SERVICES CORP.,110 North Tillotson Ave,Muncie,IN,47304,765-288-8770
IHC Marion,MERIDIAN HEALTH SERVICES CORP.,130 N Tillotson Ave,Muncie,IN,47304-3987,765-288-1928
VPCHC - Bloomingdale,MERIDIAN HEALTH SERVICES CORP.,100 N Tillotson Ave,Muncie,IN,47304-3997,765-288-1928
Riggs Community Health Center South Street,MERIDIAN HEALTH SERVICES CORP.,240 N Tillotson Ave,Muncie,IN,47304-3988,765-288-1928
Ferry,MERIDIAN HEALTH SERVICES CORP.,205 N TILLOTSON AVE,MUNCIE,IN,47304-3900,765-288-1928
IHC Grant-Blackford,INDIANA HEALTH CENTERS INCORPORATED,1805 E Vaile Street,Kokomo,IN,46901-5614,765-252-4249
Riggs Community Health Center Annex,"OPEN DOOR HEALTH SERVICES, INC.",1651 E 29th St,Muncie,IN,47302-5886,765-286-7000 x76528
IHC at Marion,ADULT & CHILD MENTAL HEALTH CENTER INC,300 W Clear Creek Dr,Bloomington,IN,47403-4800,877-882-5122
IHC Grant County WIC,MERIDIAN HEALTH SERVICES CORP.,1601 E 26th St # 6,Muncie,IN,47302-5808,765-288-1928
Camden Early Childhood Center,"OPEN DOOR HEALTH SERVICES, INC.",1804-1806 West Royale Dr,Muncie,IN,47304,765-286-6000
IHC HealthQuest Van,"OPEN DOOR HEALTH SERVICES, INC.",333 S Madison St,Muncie,IN,47305-2465,765-286-7000
IHC at Jackson County Juvenile Home,"OPEN DOOR HEALTH SERVICES, INC.",333 S Madison St,Muncie,IN,47305-2465,765-286-7000
Delphi Community High School,"Jane Pauley Community Health Center, Inc.",1234 N Courtland Ave,Kokomo,IN,46901-2754,844-695-7242
Delphi Community Middle School,"OPEN DOOR HEALTH SERVICES, INC.",615 N Walnut St,Muncie,IN,47305,765-286-7000
Well Care Community Health - Dental,MERIDIAN HEALTH SERVICES CORP.,801 N Walnut St # 1,Muncie,IN,47305-1458,765-288-1928
Delphi Community Elementary School,"OPEN DOOR HEALTH SERVICES, INC.",801 N Walnut St,Muncie,IN,47305-1458,765-286-7000
Delphi Community School Corporation,PURDUE UNIVERSITY,425 E 5th St,Burlington,IN,46915-9700,765-566-5055
Family Health Clinic of Carroll County,MERIDIAN HEALTH SERVICES CORP.,707 W 3rd St,Connersville,IN,47331-1577,765-827-1164
Open Door Health Services Blackford County,NEIGHBORHOOD HEALTH CENTER INC,2025 Virginia Ave,Connersville,IN,47331-2971,765-827-8064
SICHC Bedford,CENTERSTONE HEALTH SERVICES INC,390 Erie Ave,Connersville,IN,47331-3177,765-377-1205
IHC Lawrence County WIC,PURDUE UNIVERSITY,105 S 225 E Rm Wr-A,Flora,IN,46929-9688,574-967-4881
IHC Bedford,PURDUE UNIVERSITY,105 S 225 E,Flora,IN,46929-9688,574-967-4881
Neighborhood Health Center - Union County Medical Center,CENTERSTONE HEALTH SERVICES INC,1550 E State Road 44,Connersville,IN,47331-8293,765-222-1400
VPCHC - Clinton,PURDUE UNIVERSITY,2362 E State Road 18,Flora,IN,46929-8201,574-967-4157
VPCHC - Mobile School Based Health Center,MERIDIAN HEALTH SERVICES CORP.,8707 W US Highway 36  RM N2,Modoc,IN,47358-9583,765-288-1928
"Well Care Community Health, Inc.",VALLEY PROFESSIONALS COMMUNITY HEALTH CENTER INC,727 N Lincoln Rd,Rockville,IN,47872-1117,765-569-1123
"Neighborhood Health Center, Inc.",INDIANA HEALTH CENTERS INCORPORATED,120 Saint Louis Ave,Seymour,IN,47274-2304,812-405-1857
Centerstone Health Services - Richmond,INDIANA HEALTH CENTERS INCORPORATED,3710 S Western Ave,Marion,IN,46953-4827,765-664-7492
Meridian Health Services - Richmond,VALLEY PROFESSIONALS COMMUNITY HEALTH CENTER INC,201 W Academy St,Bloomingdale,IN,47832-8095,765-498-9000
VPCHC - Clinton Dental,RIGGS COMMUNITY HEALTH CENTER INC,2316 South St,Lafayette,IN,47904-2971,765-742-1567
"Wabash Valley Health Center, Inc.","VALLEY OAKS HEALTH, INC",2323 Ferry Street Floor 2,Lafayette,IN,47904-3054,866-682-5539
IHC Peru,INDIANA HEALTH CENTERS INCORPORATED,116 East 32nd Street  STE A,Marion,IN,46953-4060,765-662-2039
VPCHC - Terre Haute North,MERIDIAN HEALTH SERVICES CORP.,1500 Salem St  STE 110A,Lafayette,IN,47904-2170,765-288-1928
Greene County Health- Shakamak,RIGGS COMMUNITY HEALTH CENTER INC,1716 Hartford St,Lafayette,IN,47904-2173,765-742-1567
Hamilton Center - A Moving Grace,RIGGS COMMUNITY HEALTH CENTER INC,1324 Tippecanoe St,Lafayette,IN,47904-2051,765-742-1567
Grace Clinic - Vigo County,INDIANA HEALTH CENTERS INCORPORATED,925 S Nebraska St,Marion,IN,46953-1874,765-664-7492
IHC Logansport,MERIDIAN HEALTH SERVICES CORP.,323 E 2nd St  STE 1,Marion,IN,46952-3871,765-573-5567
IHC Cass County WIC,INDIANA HEALTH CENTERS INCORPORATED,325 E. 2nd Street,Marion,IN,46952-3871,765-613-0150
VPCHC - Cayuga,MERIDIAN HEALTH SERVICES CORP.,911 N Western Ave,Marion,IN,46952-2505,765-289-1928
VPCHC - Terre Haute South,PURDUE UNIVERSITY,205 E Cumberland St,Camden,IN,46917-4108,574-686-2362
VPCHC - Ivy Tech,INDIANA HEALTH CENTERS INCORPORATED,HEALTHQUEST VAN 925 SOUTH,MARION,IN,46952-3849,765-664-7492
VPCHC - West Terre Haute,INDIANA HEALTH CENTERS INCORPORATED,416 E. Walnut Street,Brownstown,IN,47220-1515,812-358-5180
LifeSpring Mobile Health Services,PURDUE UNIVERSITY,301 Armory Rd,Delphi,IN,46923-1904,765-564-3481
Austin Medical Center,PURDUE UNIVERSITY,401 Armory Rd,Delphi,IN,46923-1906,765-564-3411
Greene County Health Linton,WELL CARE COMMUNITY HEALTH INC,100 Mattie Harris Rd,Centerville,IN,47330-1335,765-855-3435
Well Care Community Health-Foundations Family Medicine Austin,PURDUE UNIVERSITY,300 W Vine St,Delphi,IN,46923-1651,765-564-3895
Bowen Center- Wabash,PURDUE UNIVERSITY,300 W Vine St Rm 309,Delphi,IN,46923-1651,765-564-3895
Well Care Community Health-Austin SBHC,PURDUE UNIVERSITY,901 Prince William Rd Ste A,Delphi,IN,46923-1759,765-564-3016
SICHC Mitchell,"OPEN DOOR HEALTH SERVICES, INC.",410 Pilgrim Blvd,Hartford City,IN,47348-1382,765-286-7000
Talawanda Middle School - School-Based Services,"SOUTHERN INDIANA COMMUNITY HEALTH CARE, INC",629 Lincoln Ave,Bedford,IN,47421-4142,812-675-4470
Kramer Elementary School-Based Services,MERIDIAN HEALTH SERVICES CORP.,1150 S MAIN ST,DUNKIRK,IN,47336-9701,765-768-6065
Oxford Community Health Center,INDIANA HEALTH CENTERS INCORPORATED,2415 Mitchell Road  STE A,Bedford,IN,47421,317-576-1335
MeridianMD Convenience Care,INDIANA HEALTH CENTERS INCORPORATED,2415 Mitchell Road  STE C,Bedford,IN,47421,317-576-1335
SICHC Orleans High School,NEIGHBORHOOD HEALTH CENTER INC,950 N Market St,Liberty,IN,47353-8496,765-458-5191
Tri-Village School District,VALLEY PROFESSIONALS COMMUNITY HEALTH CENTER INC,777 S Main St STE 100,Clinton,IN,47842-2493,765-828-1003
Orleans Family Health,VALLEY PROFESSIONALS COMMUNITY HEALTH CENTER INC,777 S Main St STE 100,Clinton,IN,47842-2493,765-828-1003
New Madison Medical Center,MERIDIAN HEALTH SERVICES CORP.,380 Hub Etchison Parkway  RM R144,Richmond,IN,47374-5339,765-288-1928
SICHC Salem,WELL CARE COMMUNITY HEALTH INC,203 E Main St,Richmond,IN,47374-4208,765-973-9294
Salem Community Schools Health Center,MERIDIAN HEALTH SERVICES CORP.,501 1/2 S 7th St  RM 1,Richmond,IN,47374,765-288-1928
Marshall School-Based Health Center,MERIDIAN HEALTH SERVICES CORP.,520 S 9th St Ste A,Richmond,IN,47374-6230,765-935-5390
Crossroad Health Center Harrison,NEIGHBORHOOD HEALTH CENTER INC,101 S 10th St,Richmond,IN,47374-5547,765-965-4299
Bogan Elementary School-Based Services,CENTERSTONE HEALTH SERVICES INC,831 Dillon Drive  STE A,Richmond,IN,47374-8048,765-983-8000
SALEM COMMUNITY MEDICAL SERVICES,MERIDIAN HEALTH SERVICES CORP.,2300 Chester Blvd,Richmond,IN,47374-1221,765-939-2395
SIHF Healthcare – Danville School,MERIDIAN HEALTH SERVICES CORP.,730 W Washington St STE A,Winchester,IN,47394-1425,765-584-7820
VERMILION AREA COMM HLTH CTR,VALLEY PROFESSIONALS COMMUNITY HEALTH CENTER INC,1792 E State Road 163,Clinton,IN,47842-7327,765-828-3214
Family Health Clinic of Wolcott,MERIDIAN HEALTH SERVICES CORP.,285 W 12th Street  STE 205,Peru,IN,46970-1654,765-288-1928
FAMILY HEALTH SERVICES OF DARKE COUNTY,MERIDIAN HEALTH SERVICES CORP.,285 W 12th St Ste 102,Peru,IN,46970-1654,765-288-1928
Anthony Wayne and Care-A-Lot Early Childhood Center,MERIDIAN HEALTH SERVICES CORP.,285 W 12th St Ste 206,Peru,IN,46970-1654,765-288-1928
Family Health Clinic of Monon,"WABASH VALLEY HEALTH CENTER, INC.",1436 Locust St,Terre Haute,IN,47807-1648,812-232-7447
Bowen Center- Huntington,INDIANA HEALTH CENTERS INCORPORATED,661 E Main St,Peru,IN,46970-2662,765-472-3192
Martin County Family Health Center,VALLEY PROFESSIONALS COMMUNITY HEALTH CENTER INC,1530 N 7th St Ste 201,Terre Haute,IN,47807-1061,812-238-7631
Loogootee High School,GREENE COUNTY HEALTH INC,326 E Main St,Jasonville,IN,47438-1510,812-665-9000
ARCANUM,HAMILTON CENTER INC,622 8th Ave,Terre Haute,IN,47804-2744,812-231-8377
Ansonia Local School District,HAMILTON CENTER INC,622 8th Ave,Terre Haute,IN,47804-2744,812-231-8377
Hamilton West,INDIANA HEALTH CENTERS INCORPORATED,1700 Dividend Dr,Logansport,IN,46947-1572,574-722-7407
Well Care Community Health-Foundations Family Medicine Henryville,INDIANA HEALTH CENTERS INCORPORATED,1803 Smith St,Logansport,IN,46947-1576,514-753-4961
Prospect Hill Community Health Center,VALLEY PROFESSIONALS COMMUNITY HEALTH CENTER INC,703 W Park St,Cayuga,IN,47928-8207,765-492-9042
Mobile Dental Van,VALLEY PROFESSIONALS COMMUNITY HEALTH CENTER INC,4757 S 7th St,Terre Haute,IN,47802-4559,812-234-2289
Hamilton Community Health Center,VALLEY PROFESSIONALS COMMUNITY HEALTH CENTER INC,8000 S Education Dr Rm E148A,Terre Haute,IN,47802-4883,812-229-1121
North Knox Jr/Sr High School,VALLEY PROFESSIONALS COMMUNITY HEALTH CENTER INC,601 W National Ave,West Terre Haute,IN,47885-1303,844-900-9355
Hamilton School-Based Health Center,LIFESPRING INC,2277 W Frontage Rd,Austin,IN,47102-8820,812-413-3117
Edgewood Local Schools SBHC,LIFESPRING INC,2277 W Frontage Rd,Austin,IN,47102-8820,813-413-3117
Fairfield School Based Health Center,GREENE COUNTY HEALTH INC,1600 A St NE Ste 9,Linton,IN,47441-1612,812-847-7005
Fairfield Township Community Health Center,WELL CARE COMMUNITY HEALTH INC,25 W Main St,Austin,IN,47102-1303,842-719-8100
Carroll County Middle School,"Bowen Health, INC.",255 N Miami St,Wabash,IN,46992-2705,260-563-8446
Cartmell Elementary School,WELL CARE COMMUNITY HEALTH INC,401 S US Highway 31,Austin,IN,47102-8732,812-794-8100
Carroll County High School,"SOUTHERN INDIANA COMMUNITY HEALTH CARE, INC",2759 State Rd 37,Mitchell,IN,47446-6016,812-992-5440
Carroll County Early Childhood Development Center,MERIDIAN HEALTH SERVICES CORP.,824 Huntington Ave,Warren,IN,46792-9277,765-288-1928
North Knox Primary,MERIDIAN HEALTH SERVICES CORP.,2072 IN-67,Portland,IN,47371,765-288-1928
Kathryn Winn Elementary School,BUTLER COUNTY COMMUNITY HEALTH CONSORTIUM,4030 Oxford Reily Rd,Oxford,OH,45056-8943,513-454-1111
Carroll County Alternative Learning Center,MERIDIAN HEALTH SERVICES CORP.,931 W Water St Ste A,Portland,IN,47371-1755,260-726-4350
Mt. Airy,BUTLER COUNTY COMMUNITY HEALTH CONSORTIUM,400 W Sycamore St,Oxford,OH,45056-1168,513-454-1111
Mt. Healthy School Based Health Center,BUTLER COUNTY COMMUNITY HEALTH CONSORTIUM,10 N Locust St,Oxford,OH,45056-1192,513-454-1111
Crossroad Heath Center West,MERIDIAN HEALTH SERVICES CORP.,731 N Plum St  RM 107,Union City,IN,47390-1029,765-288-1928
Forest Park Health Center,MERIDIAN HEALTH SERVICES CORP.,500 W Votaw St,Portland,IN,47371-1322,260-726-9348
Mt. Healthy Family Practice Center,MERIDIAN HEALTH SERVICES CORP.,406 W Votaw St,Portland,IN,47371-1344,765-288-1928
Winton Woods City School District,"SOUTHERN INDIANA COMMUNITY HEALTH CARE, INC",200 W Wilson St,Orleans,IN,47452-1007,812-865-2688
Deaconess Health Check at Western Hills,"Family Health Services of Darke County, Inc.",315 S Main St,New Madison,OH,45346-9797,937-996-1511
Carroll Floyd Dr,LIFESPRING INC,260 S Maple St,Orleans,IN,47452-1724,812-865-3350
Carroll County Upstairs Primary,"Family Health Services of Darke County, Inc.",101 ANDERSON ST,NEW MADISON,OH,45346-9715,937-996-0023
Carroll Pharmacy,"SOUTHERN INDIANA COMMUNITY HEALTH CARE, INC",1201 N Jim Day Rd,Salem,IN,47167-7219,812-653-6374
Carroll County Behavioral Health,LIFESPRING INC,1101 N Shelby St,Salem,IN,47167-1678,812-280-2080
Aiken High School,BUTLER COUNTY COMMUNITY HEALTH CONSORTIUM,3260 Oxford Millville Road  STE B,Oxford,OH,45056,513-454-1111
Middletown Community Health Center,CHRISTIAN COMMUNITY HEALTH SERVICES,10450 New Haven Road,Harrison,OH,45030,513-367-5888
Middletown Community Health Center - 9th Avenue,BUTLER COUNTY COMMUNITY HEALTH CONSORTIUM,5200 Hamilton Richmond Rd,Oxford,OH,45056-9433,513-454-1111
VERSAILLES MEDICAL CENTER SITE,LIFESPRING INC,1321 S Jackson St,Salem,IN,47167-9730,812-280-2080
Roll Hill Academy,"SOUTHERN ILLINOIS HEALTHCARE FOUNDATION, INC.",202 E Fairchild St,Danville,IL,61832-3114,217-920-0168
TRIAD HEALTH SYSTEMS CHC,AUNT MARTHA'S HEALTH & WELLNESS INC,614 N. GILBERT ST.,DANVILLE,IL,61832-3940,877-692-8686
Charlestown Community Medical Services,PURDUE UNIVERSITY,128 W Market St,Wolcott,IN,47995-8130,219-474-2067
Ethel M. Taylor Academy,"Family Health Services of Darke County, Inc.",5735 Meeker Rd,Greenville,OH,45331-1180,937-548-9680
Gallatin Co Middle School,"Family Health Services of Darke County, Inc.",4932 Children&#39;s Home-Bradford Road,Greenville,OH,45331,937-548-3806
Gallatin County Lower Elemetary,MERIDIAN HEALTH SERVICES CORP.,1026 S Main St  STE 1,Bluffton,IN,46714-3614,765-288-1928
Gallatin County High School,"SOUTHERN INDIANA COMMUNITY HEALTH CARE, INC",420 W Longest St,Paoli,IN,47454-8821,812-723-3944
Gallatin County Upper Elementary,MERIDIAN HEALTH SERVICES CORP.,303 S Main St Ste 300,Bluffton,IN,46714-2503,765-288-1928
CARACOLE CLINIC,MERIDIAN HEALTH SERVICES CORP.,303 S. Main Street  STE #500,Bluffton,IN,46714-2503,765-288-1928
Northside Health Center,MERIDIAN HEALTH SERVICES CORP.,125 E Cherry St,Bluffton,IN,46714-2002,765-288-1928
Millvale at Hopple Street Health Center,PURDUE UNIVERSITY,692 E Broadway St,Monon,IN,47959-8191,877-727-7640
Roberts Paideia,MERIDIAN HEALTH SERVICES CORP.,201 E South St,Markle,IN,46770-9068,765-288-1928
"WINTON HILLS MEDICAL AND HEALTH CENTER, INC.","Bowen Health, INC.",2860 Northpark Ave,Huntington,IN,46750-9700,888-470-0082
North Knox Intermediate,GOOD SAMARITAN FAMILY HEALTH CENTER INC,200 S John F Kennedy Ave,Loogootee,IN,47553-1624,812-494-7900
WINTON HILLS ACADEMY ELEMENTARY,GOOD SAMARITAN FAMILY HEALTH CENTER INC,201 Brooks Ave  FL 1,Loogootee,IN,47553-1412,812-295-3254
Price Hill Health Center,"Family Health Services of Darke County, Inc.",702 N MAIN ST,ARCANUM,OH,45304-1425,937-692-6601
Oyler Community Learning Center,"Family Health Services of Darke County, Inc.",600 E Canal St,Ansonia,OH,45303-5120,937-337-4000
Lindeman Elementary School,"SOUTHERN INDIANA COMMUNITY HEALTH CARE, INC",8163 W State Road 56 Ste A,West Baden Springs,IN,47469-7706,812-723-7125
Viking School Based Health Center,BUTLER COUNTY COMMUNITY HEALTH CONSORTIUM,903 NW Washington Blvd STE A,Hamilton,OH,45013-6367,513-737-6900
Centerpoint Health Middletown,WELL CARE COMMUNITY HEALTH INC,314 S Ferguson St,Henryville,IN,47126-9734,812-794-8100
Ludlow High School,BUTLER COUNTY COMMUNITY HEALTH CONSORTIUM,"1010 Cereal Ave, Ste 103",Hamilton,OH,45013-2776,513-454-1111
Middletown School-Based Health Center,BUTLER COUNTY COMMUNITY HEALTH CONSORTIUM,"Administrative Offices210 S. Second St,2nd Floor",Hamilton,OH,45011,513-454-1460
Lloyd High School,BUTLER COUNTY COMMUNITY HEALTH CONSORTIUM,210 S    2nd St,Hamilton,OH,45011-2812,513-892-1888 x6010
Tichenor Middle School,GOOD SAMARITAN FAMILY HEALTH CENTER INC,10890 N State Road 159  RM E20,Bicknell,IN,47512-8184,812-735-2990
ELMWOOD PLACE ELEMENTARY SBHC,BUTLER COUNTY COMMUNITY HEALTH CONSORTIUM,250 N Fair Ave,Hamilton,OH,45011-4222,513-454-1111
Miles Elementary School,BUTLER COUNTY COMMUNITY HEALTH CONSORTIUM,3045 Busenbark Rd Ste B,Trenton,OH,45067-7611,513-454-1111
HealthPoint Florence,BUTLER COUNTY COMMUNITY HEALTH CONSORTIUM,211 Donald Dr,Fairfield,OH,45014-3006,513-454-1111
ST. BERNARD ELMWOOD PLACE HS SBH,BUTLER COUNTY COMMUNITY HEALTH CONSORTIUM,"3145 Hamilton Mason Rd, Ste 202",Fairfield Township,OH,45011-8556,513-454-1111
ST. BERNARD- ELMWOOD PLACE ELEMENTARY SBHC,TRIAD HEALTH SYSYEMS INC,408 5th St,Carrollton,KY,41008-1202,859-567-1720
Lincoln Heights Health Center,TRIAD HEALTH SYSYEMS INC,1708 Highland Ave,Carrollton,KY,41008-8775,859-567-1720
WinMed City West,TRIAD HEALTH SYSYEMS INC,1706 Highland Ave,Carrollton,KY,41008-8775,859-567-1720
Lockland School District,TRIAD HEALTH SYSYEMS INC,619 9th St,Carrollton,KY,41008-1417,859-567-1720
Transformational Learning Center (TLC),GOOD SAMARITAN FAMILY HEALTH CENTER INC,215 E 4th St  FL 1,Bicknell,IN,47512-1803,812-735-2547
Dorothy Howell Elementary School,TRIAD HEALTH SYSYEMS INC,907 Hawkins St,Carrollton,KY,41008-1442,859-567-1720
Taft High School,TRIAD HEALTH SYSYEMS INC,519 Park Ave,Carrollton,KY,41008-8301,859-567-1720
Bobbie Sterne Health Center (formerly Elm Street),MERIDIAN HEALTH SERVICES CORP.,105 Hillcrest Dr,Ossian,IN,46777-9053,765-288-1928
CINCINNATI MOBILE HEALTH CARE,CITY OF CINCINNATI,5730 Colerain,Cincinnati,OH,45239-6714,513-363-3765
"Cincinnati Health Network, Inc.",HEALTHCARE CONNECTION INC,8101 Hamilton Ave Rm 112,Mount Healthy,OH,45231-2323,513-729-0130
Cincinnati Mobile Dental Care,CHRISTIAN COMMUNITY HEALTH SERVICES,2170 Anderson Ferry Rd,Cincinnati,OH,45238-3328,513-922-4271
CENTER FOR RESPITE CARE,GOOD SAMARITAN FAMILY HEALTH CENTER INC,2007 South State Street,Washington,IN,47501-8505,812-494-7500
SHELTERHOUSE-Barron Center for Men,HEALTHCARE CONNECTION INC,924 WAYCROSS RD,CINCINNATI,OH,45240-3022,513-589-3014
Ambrose H. Clement,HEALTHCARE CONNECTION INC,1411 Compton Rd,Mount Healthy,OH,45231-3559,513-588-3623
Crest Smile Shoppe,GOOD SAMARITAN FAMILY HEALTH CENTER INC,210 NE 6th St  FL 1,Washington,IN,47501-2808,812-254-2682
Crossroad Health Center,GOOD SAMARITAN FAMILY HEALTH CENTER INC,608 E Walnut St  FL 1,Washington,IN,47501-2812,812-254-3860
Enabling Servies Program- Freestore Foodbank,HEALTHCARE CONNECTION INC,147 Farragut Rd,Cincinnati,OH,45218-1422,513-554-4100
Rothenberg Preparatory Academy School-Based Health Center,CITY OF CINCINNATI,2146 Ferguson Rd,Cincinnati,OH,45238-3720,513-363-8770
Bond Hill Academy Elementary,TRIAD HEALTH SYSYEMS INC,329 Floyd Dr Ste A,Carrollton,KY,41008-8261,859-567-1591
Woodward Career Technical High School,TRIAD HEALTH SYSYEMS INC,329 Floyd Dr STE D,Carrollton,KY,41008-8261,502-732-1082
Ambrose H. Clement Health Center (Avondale),TRIAD HEALTH SYSYEMS INC,329 Floyd Dr  STE F,Carrollton,KY,41008,859-567-1720
SHELTERHOUSE-Hatton Center for Women,TRIAD HEALTH SYSYEMS INC,329 Floyd Dr Ste E,Carrollton,KY,41008-8261,859-567-1720
Crossroad Health Center - Taft,CITY OF CINCINNATI,5641 BELMONT AVE,CINCINNATI,OH,45224-3101,513-363-6758
WinMed-Cincinnati-Hamilton County Community Action Agency,BUTLER COUNTY COMMUNITY HEALTH CONSORTIUM,1036 S Verity Pkwy,Middletown,OH,45044-5513,513-425-8330
Bethany House,BUTLER COUNTY COMMUNITY HEALTH CONSORTIUM,930 9th Ave,Middletown,OH,45044-5530,513-454-1111
Community Health Centers of Greater Dayton at MVCDC - MET,"Family Health Services of Darke County, Inc.",10484 Kley Rd,Versailles,OH,45380-9561,937-526-3016
Equitas Health Cincinnati,CITY OF CINCINNATI,2411 Baltimore Ave.,Cincinnati,OH,45225-1001,513-363-4018
HealthPoint - First Step Home,TRIAD HEALTH SYSYEMS INC,441 US Highway 42 W,Warsaw,KY,41095-7513,859-567-1271
JOHN G. CARLISLE ELEMENTARY SBHC,LIFESPRING INC,890 Main St,Charlestown,IN,47111-1220,812-280-2080
Greater Cincinnati Behavioral Health Services,CITY OF CINCINNATI,1930 Fricke Rd,Cincinnati,OH,45225-1200,513-363-3645
Centerpoint Norwood SBHC,TRIAD HEALTH SYSYEMS INC,88 Pawprint Path,Warsaw,KY,41095-9376,859-567-5860
James E. Biggs ECE Center,TRIAD HEALTH SYSYEMS INC,25 Boaz Dr,Warsaw,KY,41095-9510,859-567-1720
HealthPoint Covington Center,TRIAD HEALTH SYSYEMS INC,70 Wildcat Cir,Warsaw,KY,41095-9378,859-567-1720
Glenn O. Swing Elementary,TRIAD HEALTH SYSYEMS INC,50 Pawprint Path,Warsaw,KY,41095-9376,859-567-1720
Academy of World Languages,"THE CINCINNATI HEALTH NETWORK, INC.",4138 Hamilton Ave,Cincinnati,OH,45223-2293,513-386-7899
Community Health Centers of Greater Dayton - Mobile Health Unit,CITY OF CINCINNATI,3917 Spring Grove Ave,Cincinnati,OH,45223-3302,513-357-7600
6th District Elementary School,CITY OF CINCINNATI,2750 Beekman St,Cincinnati,OH,45225-2049,513-352-3192
HealthPoint Newport,CITY OF CINCINNATI,1702 Grand Ave,Cincinnati,OH,45214-1502,513-363-4627
Withrow Community Learning Center,WINTON HILLS MED & HEALTH CENTER,5275 Winneste Ave,Cincinnati,OH,45232-1130,513-242-1033
Holmes Middle School,GOOD SAMARITAN FAMILY HEALTH CENTER INC,7820 N Camp Arthur Rd  FL 1,Bruceville,IN,47516-6225,812-324-2291
9th District Elementary,WINTON HILLS MED & HEALTH CENTER,5300 Winneste Ave,Cincinnati,OH,45232-1133,513-242-1033
Centerpoint Health Dental Franklin,CITY OF CINCINNATI,2136 W    8th St,Cincinnati,OH,45204-2052,513-357-2700
Centerpoint Health Medical Franklin,CITY OF CINCINNATI,2121 Hatmaker,Cincinnati,OH,45204,513-363-4182
Community Health Centers of Greater Dayton at MVCDC - Kings Highway,"HEALTH POINT FAMILY CARE, INC.",558 Erlanger Rd,Erlanger,KY,41018-1305,859-655-6100
Latonia Elementary,HEALTHCARE CONNECTION INC,100 Viking Way Rm 1520,Cincinnati,OH,45246-1139,513-864-1545
Five Rivers Family Health Center,TALBERT HOUSE HEALTH CENTER D/B/A CENTERPOINT HEALTH,231 N Breiel Blvd,Middletown,OH,45042-3807,513-318-1188
Community Health Centers of Greater Dayton - Alex Central Health Center,"HEALTH POINT FAMILY CARE, INC.",515 Elm St,Ludlow,KY,41016-1304,859-655-6100
Transitions,BUTLER COUNTY COMMUNITY HEALTH CONSORTIUM,601 N Breiel Blvd Ste B,Middletown,OH,45042-3801,513-454-1111
The Children's Home of Cincinnati,"HEALTH POINT FAMILY CARE, INC.",450 Bartlett Ave Bldg,Erlanger,KY,41018-1686,859-727-1555
Riverview East,"HEALTH POINT FAMILY CARE, INC.",305 Bartlett Ave,Erlanger,KY,41018-1678,859-727-2255
Five Rivers Health Centers Roosevelt Health Center,WINTON HILLS MED & HEALTH CENTER,400 MAPLE AVENUE,ELMWOOD PLACE,OH,45216-2128,513-242-1033
John P. Parker,"HEALTH POINT FAMILY CARE, INC.",208 Sunset Ave,Erlanger,KY,41018-1526,859-655-6100
Family Health Centers of Southern Indiana Clarksville,"HEALTH POINT FAMILY CARE, INC.",7607 Dixie Hightway,Florence,KY,41042-824,859-655-6100
Bowen Center Whitley,WINTON HILLS MED & HEALTH CENTER,4615 Tower Ave,Cincinnati,OH,45217-1724,513-242-1033
Braxton F. Cann Memorial Medical Center,WINTON HILLS MED & HEALTH CENTER,4515 Tower Ave,Cincinnati,OH,45217-1723,513-242-1033
Community Health Centers of Greater Dayton - Charles Drew Health Center,HEALTHCARE CONNECTION INC,1401 Steffen Ave,Cincinnati,OH,45215-2338,513-588-3263
Alliance Health Centers- The Bridge of Grace,WINTON HILLS MED & HEALTH CENTER,1019 LINN ST,CINCINNATI,OH,45203-1314,513-233-7100
Five Rivers Health Centers Edgemont Campus,HEALTHCARE CONNECTION INC,210 N Cooper Ave,Lockland,OH,45215-3011,513-563-5000
Five Rivers Health Centers Edgemont Campus - Mobile Unit,"HEALTH POINT FAMILY CARE, INC.",200 Home Road,Covington,KY,41014,859-655-6157
Cassano Community Health Center,"HEALTH POINT FAMILY CARE, INC.",459 Buckner St,Elsmere,KY,41018-2303,859-655-6100
Bowen Center- Fort Wayne,CITY OF CINCINNATI,420 Ezzard Charles Dr,Cincinnati,OH,45214-2806,513-363-8257
Bowen Health Clinic,CITY OF CINCINNATI,1525 Elm Street,Cincinnati,OH,45202-6957,513-352-3092
Neighborhood Health - Southeast Clinic,"THE CINCINNATI HEALTH NETWORK, INC.",1525 Elm St,Cincinnati,OH,45202-6957,513-386-7899
Neighborhood Health Oxford,"THE CINCINNATI HEALTH NETWORK, INC.",40 E MCMICKEN AVE,CINCINNATI,OH,45202-6549,513-386-7899
Alliance Health Centers- Brave Alliance Health Center,"THE CINCINNATI HEALTH NETWORK, INC.",40 E MCMICKEN AVE,CINCINNATI,OH,45202-6549,513-961-0600
Tecumseh Harrison Elementary,"THE CINCINNATI HEALTH NETWORK, INC.",1615 Republic St,Cincinnati,OH,45202-6464,513-621-1868
Washington Learning Academy,"THE CINCINNATI HEALTH NETWORK, INC.",411 Gest St,Cincinnati,OH,45203-1730,513-386-7899
Northridge School-Based Health Center,CITY OF CINCINNATI,3101 Burnet Ave,Cincinnati,OH,45229-3014,513-357-7300
Five Rivers Samaritan Homeless Clinic,CITY OF CINCINNATI,612 Rockdale,Cincinnati,OH,45229-2919,513-352-4072
Alliance Health Center,CHRISTIAN COMMUNITY HEALTH SERVICES,5 E Liberty St,Cincinnati,OH,45202-8202,513-381-2247
Alliance Health Centers- Pediatrics,"THE CINCINNATI HEALTH NETWORK, INC.",112 E LIBERTY ST,CINCINNATI,OH,45202-6510,513-357-4817
Equitas Health Dayton,CHRISTIAN COMMUNITY HEALTH SERVICES,241 E CLIFTON AVE,CINCINNATI,OH,45202-8905,513-381-2247
Equitas Health Dayton #3,WINTON HILLS MED & HEALTH CENTER,1510 California Ave,Cincinnati,OH,45237-5621,513-363-7900
Equitas Health Dayton #2,WINTON HILLS MED & HEALTH CENTER,7005 Reading Road,Cincinnati,OH,45237,513-363-9300
Equitas Health Pharmacy Dayton,CITY OF CINCINNATI,3559 Reading Rd Ste 101,Cincinnati,OH,45229-2666,513-357-7300
Five Rivers Health Centers at St. Vincent de Paul,"THE CINCINNATI HEALTH NETWORK, INC.",2499 Reading Rd,Cincinnati,OH,45202-1464,513-386-7899
LifeSpring Comunity Medical Services,CHRISTIAN COMMUNITY HEALTH SERVICES,270 Southern Ave,Cincinnati,OH,45219-3023,513-381-2247
Neighborhood Health - Calhoun Site,WINTON HILLS MED & HEALTH CENTER,1740 Langdon Farm Road,Cincinnati,OH,45237,513-631-7100
Family Health Center,"THE CINCINNATI HEALTH NETWORK, INC.",4769 Reading Rd,Cincinnati,OH,45237-6107,513-961-0600
Neighborhood Health Family Medicine Center,COMMUNITY HEALTH CENTERS OF GREATER DAYTON,2900 Shiloh Springs Rd.  STE Studio A,Trotwood,OH,45426-2139,937-226-5664
Green Door Center,"SOUTHERN INDIANA COMMUNITY HEALTH CARE, INC",307 S. Indiana Ave.,English,IN,47118,812-338-2924
Alliance Health Centers- Washington Blvd,EQUITAS HEALTH INC,2805 Gilbert Ave,Cincinnati,OH,45206-1210,513-815-4475
HealthSource Mt. Washington,"HEALTH POINT FAMILY CARE, INC.",2203 Fulton Ave,Cincinnati,OH,45206-2504,513-961-4663
Community Health Centers of Greater Dayton - Corwin Nixon Health Center,"SOUTHERN INDIANA COMMUNITY HEALTH CARE, INC",5604 E White Oak Ln,Marengo,IN,47140-8413,812-365-3221
LifeSpring Forensic Services,"HEALTH POINT FAMILY CARE, INC.",910 Holman Ave,Covington,KY,41011-3013,859-655-6139
Community Health Centers of Greater Dayton - East Dayton Health Center,HEALTHCARE CONNECTION INC,1501 Madison Rd,Cincinnati,OH,45206-1706,513-354-5200
Bowen Center- Goshen Road,TALBERT HOUSE HEALTH CENTER D/B/A CENTERPOINT HEALTH,2020 Sherman Ave Ste 202,Cincinnati,OH,45212-2616,513-318-1188
Alliance Health Centers- Turnstone,LIFESPRING INC,6575 Old Vincennes Rd RM E108,Floyds Knobs,IN,47119,812-981-7452
HealthSource Anderson Ob/Gyn,"HEALTH POINT FAMILY CARE, INC.",1124 Scott St,Covington,KY,41011-3168,859-655-6100
HealthSource Lebanon,"HEALTH POINT FAMILY CARE, INC.",1401 Madison Ave,Covington,KY,41011-3313,859-655-6100
Knox Winamac Community Health Centers Mobile Medical Unit,"HEALTH POINT FAMILY CARE, INC.",501 W 19th St,Covington,KY,41014-1141,859-655-6100
Knox/Winamac Community Health Centers,CITY OF CINCINNATI,2030 Fairfax Ave,Cincinnati,OH,45207-1943,513-363-7821
HealthLinc Knox,"HEALTH POINT FAMILY CARE, INC.",701 5TH AVE,DAYTON,KY,41074-1301,859-655-6100
Community Health Centers of Greater Dayton - Chambersburg Health Center,COMMUNITY HEALTH CENTERS OF GREATER DAYTON,4290 N James H Mcgee Blvd,Dayton,OH,45417-9536,937-586-9733
HealthSource Eastgate Pediatrics,"HEALTH POINT FAMILY CARE, INC.",1901 Maryland Ave,Covington,KY,41014-1442,859-655-6100
120 Progress Way,"HEALTH POINT FAMILY CARE, INC.",215 E 11th St,Newport,KY,41071-2203,859-655-6100
Henry County Community Health Center,CITY OF CINCINNATI,2520 Madison Rd,Cincinnati,OH,45208-1257,513-363-9023
Women's Care of the Bluegrass-Owenton,"HEALTH POINT FAMILY CARE, INC.",2500 Madison Ave.,Covington,KY,41014-1658,859-655-6100
SIHF Healthcare – Charleston,"HEALTH POINT FAMILY CARE, INC.",2800 Indiana Ave,Covington,KY,41015-1029,859-655-6100